tanggal,produk,kategori,qty,harga,stok
2026-04-03,Kopi Susu Botol,Minuman,20,18000,400
2026-04-03,Teh Melati Botol,Minuman,14,12000,266
2026-04-03,Air Mineral 600ml,Minuman,33,4000,767
2026-04-03,Keripik Singkong,Makanan Ringan,9,15000,251
2026-04-03,Brownies Kukus,Makanan Ringan,9,25000,191
2026-04-03,Nasi Kotak Ayam,Makanan Berat,9,28000,391
2026-04-03,Mie Instan Goreng,Makanan Berat,31,3500,969
2026-04-03,Tumbler Stainless,Aksesoris,1,85000,44
2026-04-03,Tote Bag Kanvas,Aksesoris,1,45000,69
2026-04-04,Kopi Susu Botol,Minuman,15,18000,385
2026-04-04,Teh Melati Botol,Minuman,11,12000,255
2026-04-04,Air Mineral 600ml,Minuman,37,4000,730
2026-04-04,Keripik Singkong,Makanan Ringan,10,15000,241
2026-04-04,Brownies Kukus,Makanan Ringan,3,25000,188
2026-04-04,Nasi Kotak Ayam,Makanan Berat,20,28000,371
2026-04-04,Mie Instan Goreng,Makanan Berat,45,3500,924
2026-04-04,Tumbler Stainless,Aksesoris,2,85000,42
2026-04-04,Tote Bag Kanvas,Aksesoris,1,45000,68
2026-04-05,Kopi Susu Botol,Minuman,17,18000,368
2026-04-05,Teh Melati Botol,Minuman,14,12000,241
2026-04-05,Air Mineral 600ml,Minuman,32,4000,698
2026-04-05,Keripik Singkong,Makanan Ringan,8,15000,233
2026-04-05,Brownies Kukus,Makanan Ringan,5,25000,183
2026-04-05,Nasi Kotak Ayam,Makanan Berat,12,28000,359
2026-04-05,Mie Instan Goreng,Makanan Berat,41,3500,883
2026-04-05,Tumbler Stainless,Aksesoris,2,85000,40
2026-04-05,Tote Bag Kanvas,Aksesoris,2,45000,66
2026-04-06,Kopi Susu Botol,Minuman,7,18000,361
2026-04-06,Teh Melati Botol,Minuman,7,12000,234
2026-04-06,Air Mineral 600ml,Minuman,24,4000,674
2026-04-06,Keripik Singkong,Makanan Ringan,9,15000,224
2026-04-06,Brownies Kukus,Makanan Ringan,4,25000,179
2026-04-06,Nasi Kotak Ayam,Makanan Berat,9,28000,350
2026-04-06,Mie Instan Goreng,Makanan Berat,31,3500,852
2026-04-06,Tumbler Stainless,Aksesoris,1,85000,39
2026-04-06,Tote Bag Kanvas,Aksesoris,2,45000,64
2026-04-07,Kopi Susu Botol,Minuman,12,18000,349
2026-04-07,Teh Melati Botol,Minuman,7,12000,227
2026-04-07,Air Mineral 600ml,Minuman,22,4000,652
2026-04-07,Keripik Singkong,Makanan Ringan,5,15000,219
2026-04-07,Brownies Kukus,Makanan Ringan,7,25000,172
2026-04-07,Nasi Kotak Ayam,Makanan Berat,17,28000,333
2026-04-07,Mie Instan Goreng,Makanan Berat,30,3500,822
2026-04-07,Tumbler Stainless,Aksesoris,1,85000,38
2026-04-07,Tote Bag Kanvas,Aksesoris,3,45000,61
2026-04-08,Kopi Susu Botol,Minuman,20,18000,329
2026-04-08,Teh Melati Botol,Minuman,9,12000,218
2026-04-08,Air Mineral 600ml,Minuman,35,4000,617
2026-04-08,Keripik Singkong,Makanan Ringan,12,15000,207
2026-04-08,Brownies Kukus,Makanan Ringan,6,25000,166
2026-04-08,Nasi Kotak Ayam,Makanan Berat,8,28000,325
2026-04-08,Mie Instan Goreng,Makanan Berat,38,3500,784
2026-04-08,Tumbler Stainless,Aksesoris,1,85000,37
2026-04-08,Tote Bag Kanvas,Aksesoris,2,45000,59
2026-04-09,Kopi Susu Botol,Minuman,9,18000,320
2026-04-09,Teh Melati Botol,Minuman,9,12000,209
2026-04-09,Air Mineral 600ml,Minuman,34,4000,583
2026-04-09,Keripik Singkong,Makanan Ringan,8,15000,199
2026-04-09,Brownies Kukus,Makanan Ringan,7,25000,159
2026-04-09,Nasi Kotak Ayam,Makanan Berat,15,28000,310
2026-04-09,Mie Instan Goreng,Makanan Berat,36,3500,748
2026-04-09,Tumbler Stainless,Aksesoris,2,85000,35
2026-04-09,Tote Bag Kanvas,Aksesoris,2,45000,57
2026-04-10,Kopi Susu Botol,Minuman,15,18000,305
2026-04-10,Teh Melati Botol,Minuman,15,12000,194
2026-04-10,Air Mineral 600ml,Minuman,25,4000,558
2026-04-10,Keripik Singkong,Makanan Ringan,8,15000,191
2026-04-10,Brownies Kukus,Makanan Ringan,4,25000,155
2026-04-10,Nasi Kotak Ayam,Makanan Berat,10,28000,300
2026-04-10,Mie Instan Goreng,Makanan Berat,37,3500,711
2026-04-10,Tumbler Stainless,Aksesoris,1,85000,34
2026-04-10,Tote Bag Kanvas,Aksesoris,3,45000,54
2026-04-11,Kopi Susu Botol,Minuman,14,18000,291
2026-04-11,Teh Melati Botol,Minuman,9,12000,185
2026-04-11,Air Mineral 600ml,Minuman,33,4000,525
2026-04-11,Keripik Singkong,Makanan Ringan,10,15000,181
2026-04-11,Brownies Kukus,Makanan Ringan,8,25000,147
2026-04-11,Nasi Kotak Ayam,Makanan Berat,20,28000,280
2026-04-11,Mie Instan Goreng,Makanan Berat,47,3500,664
2026-04-11,Tumbler Stainless,Aksesoris,3,85000,31
2026-04-11,Tote Bag Kanvas,Aksesoris,2,45000,52
2026-04-12,Kopi Susu Botol,Minuman,12,18000,279
2026-04-12,Teh Melati Botol,Minuman,11,12000,174
2026-04-12,Air Mineral 600ml,Minuman,30,4000,495
2026-04-12,Keripik Singkong,Makanan Ringan,8,15000,173
2026-04-12,Brownies Kukus,Makanan Ringan,13,25000,134
2026-04-12,Nasi Kotak Ayam,Makanan Berat,11,28000,269
2026-04-12,Mie Instan Goreng,Makanan Berat,46,3500,618
2026-04-12,Tumbler Stainless,Aksesoris,1,85000,30
2026-04-12,Tote Bag Kanvas,Aksesoris,1,45000,51
2026-04-13,Kopi Susu Botol,Minuman,20,18000,259
2026-04-13,Teh Melati Botol,Minuman,11,12000,163
2026-04-13,Air Mineral 600ml,Minuman,24,4000,471
2026-04-13,Keripik Singkong,Makanan Ringan,8,15000,165
2026-04-13,Brownies Kukus,Makanan Ringan,8,25000,126
2026-04-13,Nasi Kotak Ayam,Makanan Berat,9,28000,260
2026-04-13,Mie Instan Goreng,Makanan Berat,27,3500,591
2026-04-13,Tumbler Stainless,Aksesoris,3,85000,27
2026-04-13,Tote Bag Kanvas,Aksesoris,1,45000,50
2026-04-14,Kopi Susu Botol,Minuman,22,18000,237
2026-04-14,Teh Melati Botol,Minuman,6,12000,157
2026-04-14,Air Mineral 600ml,Minuman,30,4000,441
2026-04-14,Keripik Singkong,Makanan Ringan,10,15000,155
2026-04-14,Brownies Kukus,Makanan Ringan,5,25000,121
2026-04-14,Nasi Kotak Ayam,Makanan Berat,9,28000,251
2026-04-14,Mie Instan Goreng,Makanan Berat,34,3500,557
2026-04-14,Tumbler Stainless,Aksesoris,2,85000,25
2026-04-15,Kopi Susu Botol,Minuman,18,18000,219
2026-04-15,Teh Melati Botol,Minuman,9,12000,148
2026-04-15,Air Mineral 600ml,Minuman,26,4000,415
2026-04-15,Keripik Singkong,Makanan Ringan,9,15000,146
2026-04-15,Brownies Kukus,Makanan Ringan,5,25000,116
2026-04-15,Nasi Kotak Ayam,Makanan Berat,12,28000,239
2026-04-15,Mie Instan Goreng,Makanan Berat,33,3500,524
2026-04-15,Tote Bag Kanvas,Aksesoris,3,45000,47
2026-04-16,Kopi Susu Botol,Minuman,10,18000,209
2026-04-16,Teh Melati Botol,Minuman,7,12000,141
2026-04-16,Air Mineral 600ml,Minuman,28,4000,387
2026-04-16,Keripik Singkong,Makanan Ringan,5,15000,141
2026-04-16,Brownies Kukus,Makanan Ringan,9,25000,107
2026-04-16,Nasi Kotak Ayam,Makanan Berat,12,28000,227
2026-04-16,Mie Instan Goreng,Makanan Berat,28,3500,496
2026-04-16,Tumbler Stainless,Aksesoris,4,85000,21
2026-04-16,Tote Bag Kanvas,Aksesoris,3,45000,44
2026-04-17,Kopi Susu Botol,Minuman,11,18000,198
2026-04-17,Teh Melati Botol,Minuman,14,12000,127
2026-04-17,Air Mineral 600ml,Minuman,26,4000,361
2026-04-17,Keripik Singkong,Makanan Ringan,7,15000,134
2026-04-17,Brownies Kukus,Makanan Ringan,10,25000,97
2026-04-17,Nasi Kotak Ayam,Makanan Berat,14,28000,213
2026-04-17,Mie Instan Goreng,Makanan Berat,29,3500,467
2026-04-17,Tumbler Stainless,Aksesoris,4,85000,17
2026-04-17,Tote Bag Kanvas,Aksesoris,2,45000,42
2026-04-18,Kopi Susu Botol,Minuman,23,18000,175
2026-04-18,Teh Melati Botol,Minuman,12,12000,115
2026-04-18,Air Mineral 600ml,Minuman,29,4000,332
2026-04-18,Keripik Singkong,Makanan Ringan,3,15000,131
2026-04-18,Brownies Kukus,Makanan Ringan,9,25000,88
2026-04-18,Nasi Kotak Ayam,Makanan Berat,20,28000,193
2026-04-18,Mie Instan Goreng,Makanan Berat,39,3500,428
2026-04-18,Tumbler Stainless,Aksesoris,2,85000,15
2026-04-18,Tote Bag Kanvas,Aksesoris,6,45000,36
2026-04-19,Kopi Susu Botol,Minuman,18,18000,157
2026-04-19,Teh Melati Botol,Minuman,6,12000,109
2026-04-19,Air Mineral 600ml,Minuman,42,4000,290
2026-04-19,Keripik Singkong,Makanan Ringan,7,15000,124
2026-04-19,Brownies Kukus,Makanan Ringan,5,25000,83
2026-04-19,Nasi Kotak Ayam,Makanan Berat,18,28000,175
2026-04-19,Mie Instan Goreng,Makanan Berat,38,3500,390
2026-04-19,Tumbler Stainless,Aksesoris,5,85000,10
2026-04-19,Tote Bag Kanvas,Aksesoris,5,45000,31
2026-04-20,Kopi Susu Botol,Minuman,11,18000,146
2026-04-20,Teh Melati Botol,Minuman,8,12000,101
2026-04-20,Air Mineral 600ml,Minuman,24,4000,266
2026-04-20,Keripik Singkong,Makanan Ringan,4,15000,120
2026-04-20,Brownies Kukus,Makanan Ringan,7,25000,76
2026-04-20,Nasi Kotak Ayam,Makanan Berat,8,28000,167
2026-04-20,Mie Instan Goreng,Makanan Berat,35,3500,355
2026-04-20,Tumbler Stainless,Aksesoris,2,85000,8
2026-04-20,Tote Bag Kanvas,Aksesoris,2,45000,29
2026-04-21,Kopi Susu Botol,Minuman,18,18000,128
2026-04-21,Teh Melati Botol,Minuman,8,12000,93
2026-04-21,Air Mineral 600ml,Minuman,28,4000,238
2026-04-21,Keripik Singkong,Makanan Ringan,11,15000,109
2026-04-21,Brownies Kukus,Makanan Ringan,3,25000,73
2026-04-21,Nasi Kotak Ayam,Makanan Berat,11,28000,156
2026-04-21,Mie Instan Goreng,Makanan Berat,27,3500,328
2026-04-21,Tumbler Stainless,Aksesoris,3,85000,5
2026-04-21,Tote Bag Kanvas,Aksesoris,1,45000,28
2026-04-22,Kopi Susu Botol,Minuman,21,18000,107
2026-04-22,Teh Melati Botol,Minuman,12,12000,81
2026-04-22,Air Mineral 600ml,Minuman,29,4000,209
2026-04-22,Keripik Singkong,Makanan Ringan,9,15000,100
2026-04-22,Brownies Kukus,Makanan Ringan,3,25000,70
2026-04-22,Nasi Kotak Ayam,Makanan Berat,6,28000,150
2026-04-22,Mie Instan Goreng,Makanan Berat,31,3500,297
2026-04-22,Tote Bag Kanvas,Aksesoris,1,45000,27
2026-04-23,Kopi Susu Botol,Minuman,17,18000,90
2026-04-23,Teh Melati Botol,Minuman,3,12000,78
2026-04-23,Air Mineral 600ml,Minuman,33,4000,176
2026-04-23,Keripik Singkong,Makanan Ringan,10,15000,90
2026-04-23,Brownies Kukus,Makanan Ringan,5,25000,65
2026-04-23,Nasi Kotak Ayam,Makanan Berat,4,28000,146
2026-04-23,Mie Instan Goreng,Makanan Berat,41,3500,256
2026-04-24,Kopi Susu Botol,Minuman,11,18000,409
2026-04-24,Teh Melati Botol,Minuman,8,12000,70
2026-04-24,Air Mineral 600ml,Minuman,31,4000,145
2026-04-24,Keripik Singkong,Makanan Ringan,15,15000,75
2026-04-24,Brownies Kukus,Makanan Ringan,3,25000,62
2026-04-24,Nasi Kotak Ayam,Makanan Berat,13,28000,133
2026-04-24,Mie Instan Goreng,Makanan Berat,29,3500,227
2026-04-24,Tumbler Stainless,Aksesoris,1,85000,44
2026-04-24,Tote Bag Kanvas,Aksesoris,2,45000,25
2026-04-25,Kopi Susu Botol,Minuman,14,18000,395
2026-04-25,Teh Melati Botol,Minuman,9,12000,61
2026-04-25,Air Mineral 600ml,Minuman,44,4000,756
2026-04-25,Keripik Singkong,Makanan Ringan,13,15000,62
2026-04-25,Brownies Kukus,Makanan Ringan,8,25000,54
2026-04-25,Nasi Kotak Ayam,Makanan Berat,18,28000,115
2026-04-25,Mie Instan Goreng,Makanan Berat,40,3500,187
2026-04-25,Tumbler Stainless,Aksesoris,3,85000,41
2026-04-25,Tote Bag Kanvas,Aksesoris,1,45000,24
2026-04-26,Kopi Susu Botol,Minuman,22,18000,373
2026-04-26,Teh Melati Botol,Minuman,11,12000,50
2026-04-26,Air Mineral 600ml,Minuman,31,4000,725
2026-04-26,Keripik Singkong,Makanan Ringan,7,15000,253
2026-04-26,Brownies Kukus,Makanan Ringan,12,25000,42
2026-04-26,Nasi Kotak Ayam,Makanan Berat,10,28000,105
2026-04-26,Mie Instan Goreng,Makanan Berat,44,3500,143
2026-04-26,Tumbler Stainless,Aksesoris,3,85000,38
2026-04-26,Tote Bag Kanvas,Aksesoris,3,45000,21
2026-04-27,Kopi Susu Botol,Minuman,13,18000,360
2026-04-27,Teh Melati Botol,Minuman,7,12000,43
2026-04-27,Air Mineral 600ml,Minuman,20,4000,705
2026-04-27,Keripik Singkong,Makanan Ringan,5,15000,248
2026-04-27,Brownies Kukus,Makanan Ringan,5,25000,37
2026-04-27,Nasi Kotak Ayam,Makanan Berat,19,28000,86
2026-04-27,Mie Instan Goreng,Makanan Berat,25,3500,118
2026-04-27,Tumbler Stainless,Aksesoris,2,85000,36
2026-04-28,Kopi Susu Botol,Minuman,11,18000,349
2026-04-28,Teh Melati Botol,Minuman,12,12000,268
2026-04-28,Air Mineral 600ml,Minuman,21,4000,684
2026-04-28,Keripik Singkong,Makanan Ringan,9,15000,239
2026-04-28,Brownies Kukus,Makanan Ringan,8,25000,29
2026-04-28,Nasi Kotak Ayam,Makanan Berat,7,28000,393
2026-04-28,Mie Instan Goreng,Makanan Berat,43,3500,957
2026-04-28,Tumbler Stainless,Aksesoris,1,85000,35
2026-04-28,Tote Bag Kanvas,Aksesoris,1,45000,20
2026-04-29,Kopi Susu Botol,Minuman,12,18000,337
2026-04-29,Teh Melati Botol,Minuman,12,12000,256
2026-04-29,Air Mineral 600ml,Minuman,35,4000,649
2026-04-29,Keripik Singkong,Makanan Ringan,10,15000,229
2026-04-29,Brownies Kukus,Makanan Ringan,4,25000,25
2026-04-29,Nasi Kotak Ayam,Makanan Berat,14,28000,379
2026-04-29,Mie Instan Goreng,Makanan Berat,42,3500,915
2026-04-29,Tumbler Stainless,Aksesoris,2,85000,33
2026-04-29,Tote Bag Kanvas,Aksesoris,3,45000,17
2026-04-30,Kopi Susu Botol,Minuman,20,18000,317
2026-04-30,Teh Melati Botol,Minuman,16,12000,240
2026-04-30,Air Mineral 600ml,Minuman,19,4000,630
2026-04-30,Keripik Singkong,Makanan Ringan,8,15000,221
2026-04-30,Brownies Kukus,Makanan Ringan,4,25000,196
2026-04-30,Nasi Kotak Ayam,Makanan Berat,9,28000,370
2026-04-30,Mie Instan Goreng,Makanan Berat,34,3500,881
2026-04-30,Tumbler Stainless,Aksesoris,1,85000,32
2026-04-30,Tote Bag Kanvas,Aksesoris,3,45000,67
2026-05-01,Kopi Susu Botol,Minuman,16,18000,301
2026-05-01,Teh Melati Botol,Minuman,12,12000,228
2026-05-01,Air Mineral 600ml,Minuman,41,4000,589
2026-05-01,Keripik Singkong,Makanan Ringan,16,15000,205
2026-05-01,Brownies Kukus,Makanan Ringan,7,25000,189
2026-05-01,Nasi Kotak Ayam,Makanan Berat,10,28000,360
2026-05-01,Mie Instan Goreng,Makanan Berat,28,3500,853
2026-05-01,Tumbler Stainless,Aksesoris,1,85000,31
2026-05-01,Tote Bag Kanvas,Aksesoris,1,45000,66
2026-05-02,Kopi Susu Botol,Minuman,17,18000,284
2026-05-02,Teh Melati Botol,Minuman,15,12000,213
2026-05-02,Air Mineral 600ml,Minuman,43,4000,546
2026-05-02,Keripik Singkong,Makanan Ringan,11,15000,194
2026-05-02,Brownies Kukus,Makanan Ringan,12,25000,177
2026-05-02,Nasi Kotak Ayam,Makanan Berat,19,28000,341
2026-05-02,Mie Instan Goreng,Makanan Berat,50,3500,803
2026-05-02,Tumbler Stainless,Aksesoris,3,85000,28
2026-05-02,Tote Bag Kanvas,Aksesoris,3,45000,63
2026-05-03,Kopi Susu Botol,Minuman,13,18000,271
2026-05-03,Teh Melati Botol,Minuman,5,12000,208
2026-05-03,Air Mineral 600ml,Minuman,38,4000,508
2026-05-03,Keripik Singkong,Makanan Ringan,12,15000,182
2026-05-03,Brownies Kukus,Makanan Ringan,7,25000,170
2026-05-03,Nasi Kotak Ayam,Makanan Berat,19,28000,322
2026-05-03,Mie Instan Goreng,Makanan Berat,45,3500,758
2026-05-03,Tumbler Stainless,Aksesoris,2,85000,26
2026-05-03,Tote Bag Kanvas,Aksesoris,1,45000,62
2026-05-04,Kopi Susu Botol,Minuman,16,18000,255
2026-05-04,Teh Melati Botol,Minuman,6,12000,202
2026-05-04,Air Mineral 600ml,Minuman,26,4000,482
2026-05-04,Keripik Singkong,Makanan Ringan,11,15000,171
2026-05-04,Brownies Kukus,Makanan Ringan,2,25000,168
2026-05-04,Nasi Kotak Ayam,Makanan Berat,13,28000,309
2026-05-04,Mie Instan Goreng,Makanan Berat,25,3500,733
2026-05-04,Tumbler Stainless,Aksesoris,3,85000,23
2026-05-04,Tote Bag Kanvas,Aksesoris,1,45000,61
2026-05-05,Kopi Susu Botol,Minuman,12,18000,243
2026-05-05,Teh Melati Botol,Minuman,2,12000,200
2026-05-05,Air Mineral 600ml,Minuman,21,4000,461
2026-05-05,Keripik Singkong,Makanan Ringan,7,15000,164
2026-05-05,Brownies Kukus,Makanan Ringan,4,25000,164
2026-05-05,Nasi Kotak Ayam,Makanan Berat,9,28000,300
2026-05-05,Mie Instan Goreng,Makanan Berat,24,3500,709
2026-05-05,Tumbler Stainless,Aksesoris,1,85000,22
2026-05-05,Tote Bag Kanvas,Aksesoris,1,45000,60
2026-05-06,Kopi Susu Botol,Minuman,13,18000,230
2026-05-06,Teh Melati Botol,Minuman,8,12000,192
2026-05-06,Air Mineral 600ml,Minuman,33,4000,428
2026-05-06,Keripik Singkong,Makanan Ringan,9,15000,155
2026-05-06,Brownies Kukus,Makanan Ringan,8,25000,156
2026-05-06,Nasi Kotak Ayam,Makanan Berat,9,28000,291
2026-05-06,Mie Instan Goreng,Makanan Berat,39,3500,670
2026-05-06,Tumbler Stainless,Aksesoris,1,85000,21
2026-05-06,Tote Bag Kanvas,Aksesoris,4,45000,56
2026-05-07,Kopi Susu Botol,Minuman,13,18000,217
2026-05-07,Teh Melati Botol,Minuman,9,12000,183
2026-05-07,Air Mineral 600ml,Minuman,25,4000,403
2026-05-07,Keripik Singkong,Makanan Ringan,12,15000,143
2026-05-07,Brownies Kukus,Makanan Ringan,3,25000,153
2026-05-07,Nasi Kotak Ayam,Makanan Berat,13,28000,278
2026-05-07,Mie Instan Goreng,Makanan Berat,29,3500,641
2026-05-07,Tumbler Stainless,Aksesoris,1,85000,20
2026-05-07,Tote Bag Kanvas,Aksesoris,1,45000,55
2026-05-08,Kopi Susu Botol,Minuman,21,18000,196
2026-05-08,Teh Melati Botol,Minuman,8,12000,175
2026-05-08,Air Mineral 600ml,Minuman,39,4000,364
2026-05-08,Keripik Singkong,Makanan Ringan,12,15000,131
2026-05-08,Brownies Kukus,Makanan Ringan,6,25000,147
2026-05-08,Nasi Kotak Ayam,Makanan Berat,17,28000,261
2026-05-08,Mie Instan Goreng,Makanan Berat,39,3500,602
2026-05-08,Tumbler Stainless,Aksesoris,2,85000,18
2026-05-08,Tote Bag Kanvas,Aksesoris,1,45000,54
2026-05-09,Kopi Susu Botol,Minuman,18,18000,178
2026-05-09,Teh Melati Botol,Minuman,21,12000,154
2026-05-09,Air Mineral 600ml,Minuman,26,4000,338
2026-05-09,Keripik Singkong,Makanan Ringan,16,15000,115
2026-05-09,Brownies Kukus,Makanan Ringan,6,25000,141
2026-05-09,Nasi Kotak Ayam,Makanan Berat,20,28000,241
2026-05-09,Mie Instan Goreng,Makanan Berat,54,3500,548
2026-05-09,Tumbler Stainless,Aksesoris,2,85000,16
2026-05-10,Kopi Susu Botol,Minuman,24,18000,154
2026-05-10,Teh Melati Botol,Minuman,12,12000,142
2026-05-10,Air Mineral 600ml,Minuman,35,4000,303
2026-05-10,Keripik Singkong,Makanan Ringan,10,15000,105
2026-05-10,Brownies Kukus,Makanan Ringan,12,25000,129
2026-05-10,Nasi Kotak Ayam,Makanan Berat,20,28000,221
2026-05-10,Mie Instan Goreng,Makanan Berat,41,3500,507
2026-05-10,Tumbler Stainless,Aksesoris,3,85000,13
2026-05-10,Tote Bag Kanvas,Aksesoris,2,45000,52
2026-05-11,Kopi Susu Botol,Minuman,8,18000,146
2026-05-11,Teh Melati Botol,Minuman,8,12000,134
2026-05-11,Air Mineral 600ml,Minuman,13,4000,290
2026-05-11,Keripik Singkong,Makanan Ringan,7,15000,98
2026-05-11,Brownies Kukus,Makanan Ringan,6,25000,123
2026-05-11,Nasi Kotak Ayam,Makanan Berat,19,28000,202
2026-05-11,Mie Instan Goreng,Makanan Berat,34,3500,473
2026-05-11,Tote Bag Kanvas,Aksesoris,2,45000,50
2026-05-12,Kopi Susu Botol,Minuman,14,18000,132
2026-05-12,Teh Melati Botol,Minuman,10,12000,124
2026-05-12,Air Mineral 600ml,Minuman,25,4000,265
2026-05-12,Keripik Singkong,Makanan Ringan,6,15000,92
2026-05-12,Brownies Kukus,Makanan Ringan,9,25000,114
2026-05-12,Nasi Kotak Ayam,Makanan Berat,11,28000,191
2026-05-12,Mie Instan Goreng,Makanan Berat,29,3500,444
2026-05-12,Tumbler Stainless,Aksesoris,3,85000,10
2026-05-12,Tote Bag Kanvas,Aksesoris,1,45000,49
2026-05-13,Kopi Susu Botol,Minuman,11,18000,121
2026-05-13,Teh Melati Botol,Minuman,11,12000,113
2026-05-13,Air Mineral 600ml,Minuman,21,4000,244
2026-05-13,Keripik Singkong,Makanan Ringan,7,15000,85
2026-05-13,Brownies Kukus,Makanan Ringan,8,25000,106
2026-05-13,Nasi Kotak Ayam,Makanan Berat,13,28000,178
2026-05-13,Mie Instan Goreng,Makanan Berat,28,3500,416
2026-05-13,Tumbler Stainless,Aksesoris,1,85000,44
2026-05-14,Kopi Susu Botol,Minuman,14,18000,107
2026-05-14,Teh Melati Botol,Minuman,14,12000,99
2026-05-14,Air Mineral 600ml,Minuman,27,4000,217
2026-05-14,Keripik Singkong,Makanan Ringan,13,15000,72
2026-05-14,Brownies Kukus,Makanan Ringan,6,25000,100
2026-05-14,Nasi Kotak Ayam,Makanan Berat,12,28000,166
2026-05-14,Mie Instan Goreng,Makanan Berat,36,3500,380
2026-05-14,Tote Bag Kanvas,Aksesoris,3,45000,46
2026-05-15,Kopi Susu Botol,Minuman,20,18000,87
2026-05-15,Teh Melati Botol,Minuman,9,12000,90
2026-05-15,Air Mineral 600ml,Minuman,30,4000,187
2026-05-15,Keripik Singkong,Makanan Ringan,13,15000,59
2026-05-15,Brownies Kukus,Makanan Ringan,2,25000,98
2026-05-15,Nasi Kotak Ayam,Makanan Berat,11,28000,155
2026-05-15,Mie Instan Goreng,Makanan Berat,44,3500,336
2026-05-15,Tumbler Stainless,Aksesoris,2,85000,42
2026-05-15,Tote Bag Kanvas,Aksesoris,1,45000,45
2026-05-16,Kopi Susu Botol,Minuman,19,18000,401
2026-05-16,Teh Melati Botol,Minuman,18,12000,72
2026-05-16,Air Mineral 600ml,Minuman,35,4000,152
2026-05-16,Keripik Singkong,Makanan Ringan,9,15000,50
2026-05-16,Brownies Kukus,Makanan Ringan,8,25000,90
2026-05-16,Nasi Kotak Ayam,Makanan Berat,15,28000,140
2026-05-16,Mie Instan Goreng,Makanan Berat,39,3500,297
2026-05-16,Tumbler Stainless,Aksesoris,2,85000,40
2026-05-16,Tote Bag Kanvas,Aksesoris,2,45000,43
2026-05-17,Kopi Susu Botol,Minuman,14,18000,387
2026-05-17,Teh Melati Botol,Minuman,16,12000,56
2026-05-17,Air Mineral 600ml,Minuman,41,4000,111
2026-05-17,Keripik Singkong,Makanan Ringan,9,15000,41
2026-05-17,Brownies Kukus,Makanan Ringan,11,25000,79
2026-05-17,Nasi Kotak Ayam,Makanan Berat,13,28000,127
2026-05-17,Mie Instan Goreng,Makanan Berat,41,3500,256
2026-05-17,Tumbler Stainless,Aksesoris,3,85000,37
2026-05-17,Tote Bag Kanvas,Aksesoris,3,45000,40
2026-05-18,Kopi Susu Botol,Minuman,15,18000,372
2026-05-18,Teh Melati Botol,Minuman,12,12000,44
2026-05-18,Air Mineral 600ml,Minuman,30,4000,770
2026-05-18,Keripik Singkong,Makanan Ringan,7,15000,34
2026-05-18,Brownies Kukus,Makanan Ringan,7,25000,72
2026-05-18,Nasi Kotak Ayam,Makanan Berat,12,28000,115
2026-05-18,Mie Instan Goreng,Makanan Berat,25,3500,231
2026-05-18,Tumbler Stainless,Aksesoris,4,85000,33
2026-05-18,Tote Bag Kanvas,Aksesoris,2,45000,38
2026-05-19,Kopi Susu Botol,Minuman,19,18000,353
2026-05-19,Teh Melati Botol,Minuman,8,12000,36
2026-05-19,Air Mineral 600ml,Minuman,17,4000,753
2026-05-19,Keripik Singkong,Makanan Ringan,13,15000,247
2026-05-19,Brownies Kukus,Makanan Ringan,6,25000,66
2026-05-19,Nasi Kotak Ayam,Makanan Berat,16,28000,99
2026-05-19,Mie Instan Goreng,Makanan Berat,28,3500,972
2026-05-19,Tumbler Stainless,Aksesoris,1,85000,32
2026-05-19,Tote Bag Kanvas,Aksesoris,3,45000,35
2026-05-20,Kopi Susu Botol,Minuman,18,18000,335
2026-05-20,Teh Melati Botol,Minuman,8,12000,272
2026-05-20,Air Mineral 600ml,Minuman,33,4000,720
2026-05-20,Keripik Singkong,Makanan Ringan,13,15000,234
2026-05-20,Brownies Kukus,Makanan Ringan,5,25000,61
2026-05-20,Nasi Kotak Ayam,Makanan Berat,16,28000,384
2026-05-20,Mie Instan Goreng,Makanan Berat,27,3500,945
2026-05-20,Tumbler Stainless,Aksesoris,1,85000,31
2026-05-20,Tote Bag Kanvas,Aksesoris,2,45000,33
2026-05-21,Kopi Susu Botol,Minuman,22,18000,313
2026-05-21,Teh Melati Botol,Minuman,15,12000,257
2026-05-21,Air Mineral 600ml,Minuman,34,4000,686
2026-05-21,Keripik Singkong,Makanan Ringan,14,15000,220
2026-05-21,Brownies Kukus,Makanan Ringan,6,25000,55
2026-05-21,Nasi Kotak Ayam,Makanan Berat,9,28000,375
2026-05-21,Mie Instan Goreng,Makanan Berat,29,3500,916
2026-05-21,Tote Bag Kanvas,Aksesoris,1,45000,32
2026-05-22,Kopi Susu Botol,Minuman,23,18000,290
2026-05-22,Teh Melati Botol,Minuman,13,12000,244
2026-05-22,Air Mineral 600ml,Minuman,31,4000,655
2026-05-22,Keripik Singkong,Makanan Ringan,15,15000,205
2026-05-22,Brownies Kukus,Makanan Ringan,9,25000,46
2026-05-22,Nasi Kotak Ayam,Makanan Berat,18,28000,357
2026-05-22,Mie Instan Goreng,Makanan Berat,37,3500,879
2026-05-22,Tumbler Stainless,Aksesoris,4,85000,27
2026-05-22,Tote Bag Kanvas,Aksesoris,2,45000,30
2026-05-23,Kopi Susu Botol,Minuman,10,18000,280
2026-05-23,Teh Melati Botol,Minuman,13,12000,231
2026-05-23,Air Mineral 600ml,Minuman,31,4000,624
2026-05-23,Keripik Singkong,Makanan Ringan,18,15000,187
2026-05-23,Brownies Kukus,Makanan Ringan,7,25000,193
2026-05-23,Nasi Kotak Ayam,Makanan Berat,11,28000,346
2026-05-23,Mie Instan Goreng,Makanan Berat,47,3500,832
2026-05-23,Tumbler Stainless,Aksesoris,2,85000,25
2026-05-23,Tote Bag Kanvas,Aksesoris,1,45000,29
2026-05-24,Kopi Susu Botol,Minuman,19,18000,261
2026-05-24,Teh Melati Botol,Minuman,15,12000,216
2026-05-24,Air Mineral 600ml,Minuman,28,4000,596
2026-05-24,Keripik Singkong,Makanan Ringan,14,15000,173
2026-05-24,Brownies Kukus,Makanan Ringan,10,25000,183
2026-05-24,Nasi Kotak Ayam,Makanan Berat,19,28000,327
2026-05-24,Mie Instan Goreng,Makanan Berat,30,3500,802
2026-05-24,Tumbler Stainless,Aksesoris,2,85000,23
2026-05-24,Tote Bag Kanvas,Aksesoris,6,45000,23
2026-05-25,Kopi Susu Botol,Minuman,19,18000,242
2026-05-25,Teh Melati Botol,Minuman,5,12000,211
2026-05-25,Air Mineral 600ml,Minuman,24,4000,572
2026-05-25,Keripik Singkong,Makanan Ringan,6,15000,167
2026-05-25,Brownies Kukus,Makanan Ringan,2,25000,181
2026-05-25,Nasi Kotak Ayam,Makanan Berat,11,28000,316
2026-05-25,Mie Instan Goreng,Makanan Berat,28,3500,774
2026-05-25,Tumbler Stainless,Aksesoris,1,85000,22
2026-05-25,Tote Bag Kanvas,Aksesoris,2,45000,21
2026-05-26,Kopi Susu Botol,Minuman,9,18000,233
2026-05-26,Teh Melati Botol,Minuman,9,12000,202
2026-05-26,Air Mineral 600ml,Minuman,26,4000,546
2026-05-26,Keripik Singkong,Makanan Ringan,6,15000,161
2026-05-26,Brownies Kukus,Makanan Ringan,4,25000,177
2026-05-26,Nasi Kotak Ayam,Makanan Berat,20,28000,296
2026-05-26,Mie Instan Goreng,Makanan Berat,32,3500,742
2026-05-26,Tumbler Stainless,Aksesoris,2,85000,20
2026-05-26,Tote Bag Kanvas,Aksesoris,2,45000,19
2026-05-27,Kopi Susu Botol,Minuman,21,18000,212
2026-05-27,Teh Melati Botol,Minuman,8,12000,194
2026-05-27,Air Mineral 600ml,Minuman,26,4000,520
2026-05-27,Keripik Singkong,Makanan Ringan,6,15000,155
2026-05-27,Brownies Kukus,Makanan Ringan,7,25000,170
2026-05-27,Nasi Kotak Ayam,Makanan Berat,18,28000,278
2026-05-27,Mie Instan Goreng,Makanan Berat,31,3500,711
2026-05-27,Tumbler Stainless,Aksesoris,1,85000,19
2026-05-27,Tote Bag Kanvas,Aksesoris,2,45000,17
2026-05-28,Kopi Susu Botol,Minuman,23,18000,189
2026-05-28,Teh Melati Botol,Minuman,12,12000,182
2026-05-28,Air Mineral 600ml,Minuman,22,4000,498
2026-05-28,Keripik Singkong,Makanan Ringan,6,15000,149
2026-05-28,Brownies Kukus,Makanan Ringan,3,25000,167
2026-05-28,Nasi Kotak Ayam,Makanan Berat,11,28000,267
2026-05-28,Mie Instan Goreng,Makanan Berat,31,3500,680
2026-05-28,Tumbler Stainless,Aksesoris,1,85000,18
2026-05-29,Kopi Susu Botol,Minuman,14,18000,175
2026-05-29,Teh Melati Botol,Minuman,12,12000,170
2026-05-29,Air Mineral 600ml,Minuman,29,4000,469
2026-05-29,Keripik Singkong,Makanan Ringan,15,15000,134
2026-05-29,Brownies Kukus,Makanan Ringan,9,25000,158
2026-05-29,Nasi Kotak Ayam,Makanan Berat,17,28000,250
2026-05-29,Mie Instan Goreng,Makanan Berat,29,3500,651
2026-05-29,Tumbler Stainless,Aksesoris,1,85000,17
2026-05-29,Tote Bag Kanvas,Aksesoris,2,45000,68
2026-05-30,Kopi Susu Botol,Minuman,20,18000,155
2026-05-30,Teh Melati Botol,Minuman,11,12000,159
2026-05-30,Air Mineral 600ml,Minuman,37,4000,432
2026-05-30,Keripik Singkong,Makanan Ringan,12,15000,122
2026-05-30,Brownies Kukus,Makanan Ringan,12,25000,146
2026-05-30,Nasi Kotak Ayam,Makanan Berat,19,28000,231
2026-05-30,Mie Instan Goreng,Makanan Berat,53,3500,598
2026-05-30,Tumbler Stainless,Aksesoris,2,85000,15
2026-05-30,Tote Bag Kanvas,Aksesoris,2,45000,66
2026-05-31,Kopi Susu Botol,Minuman,21,18000,134
2026-05-31,Teh Melati Botol,Minuman,6,12000,153
2026-05-31,Air Mineral 600ml,Minuman,31,4000,401
2026-05-31,Keripik Singkong,Makanan Ringan,16,15000,106
2026-05-31,Brownies Kukus,Makanan Ringan,9,25000,137
2026-05-31,Nasi Kotak Ayam,Makanan Berat,24,28000,207
2026-05-31,Mie Instan Goreng,Makanan Berat,56,3500,542
2026-05-31,Tumbler Stainless,Aksesoris,1,85000,14
2026-05-31,Tote Bag Kanvas,Aksesoris,2,45000,64
2026-06-01,Kopi Susu Botol,Minuman,11,18000,123
2026-06-01,Teh Melati Botol,Minuman,5,12000,148
2026-06-01,Air Mineral 600ml,Minuman,32,4000,369
2026-06-01,Keripik Singkong,Makanan Ringan,6,15000,100
2026-06-01,Brownies Kukus,Makanan Ringan,5,25000,132
2026-06-01,Nasi Kotak Ayam,Makanan Berat,13,28000,194
2026-06-01,Mie Instan Goreng,Makanan Berat,28,3500,514
2026-06-01,Tumbler Stainless,Aksesoris,4,85000,10
2026-06-01,Tote Bag Kanvas,Aksesoris,3,45000,61
2026-06-02,Kopi Susu Botol,Minuman,16,18000,107
2026-06-02,Teh Melati Botol,Minuman,14,12000,134
2026-06-02,Air Mineral 600ml,Minuman,22,4000,347
2026-06-02,Keripik Singkong,Makanan Ringan,10,15000,90
2026-06-02,Brownies Kukus,Makanan Ringan,3,25000,129
2026-06-02,Nasi Kotak Ayam,Makanan Berat,13,28000,181
2026-06-02,Mie Instan Goreng,Makanan Berat,31,3500,483
2026-06-02,Tumbler Stainless,Aksesoris,1,85000,9
2026-06-02,Tote Bag Kanvas,Aksesoris,2,45000,59
2026-06-03,Kopi Susu Botol,Minuman,14,18000,93
2026-06-03,Teh Melati Botol,Minuman,8,12000,126
2026-06-03,Air Mineral 600ml,Minuman,33,4000,314
2026-06-03,Keripik Singkong,Makanan Ringan,4,15000,86
2026-06-03,Brownies Kukus,Makanan Ringan,7,25000,122
2026-06-03,Nasi Kotak Ayam,Makanan Berat,18,28000,163
2026-06-03,Mie Instan Goreng,Makanan Berat,33,3500,450
2026-06-03,Tumbler Stainless,Aksesoris,2,85000,7
2026-06-03,Tote Bag Kanvas,Aksesoris,1,45000,58
2026-06-04,Kopi Susu Botol,Minuman,19,18000,401
2026-06-04,Teh Melati Botol,Minuman,12,12000,114
2026-06-04,Air Mineral 600ml,Minuman,20,4000,294
2026-06-04,Keripik Singkong,Makanan Ringan,9,15000,77
2026-06-04,Brownies Kukus,Makanan Ringan,7,25000,115
2026-06-04,Nasi Kotak Ayam,Makanan Berat,12,28000,151
2026-06-04,Mie Instan Goreng,Makanan Berat,33,3500,417
2026-06-04,Tumbler Stainless,Aksesoris,1,85000,44
2026-06-04,Tote Bag Kanvas,Aksesoris,1,45000,57
2026-06-05,Kopi Susu Botol,Minuman,24,18000,377
2026-06-05,Teh Melati Botol,Minuman,7,12000,107
2026-06-05,Air Mineral 600ml,Minuman,40,4000,254
2026-06-05,Keripik Singkong,Makanan Ringan,6,15000,71
2026-06-05,Brownies Kukus,Makanan Ringan,5,25000,110
2026-06-05,Nasi Kotak Ayam,Makanan Berat,17,28000,134
2026-06-05,Mie Instan Goreng,Makanan Berat,37,3500,380
2026-06-05,Tumbler Stainless,Aksesoris,2,85000,42
2026-06-05,Tote Bag Kanvas,Aksesoris,1,45000,56
2026-06-06,Kopi Susu Botol,Minuman,22,18000,355
2026-06-06,Teh Melati Botol,Minuman,17,12000,90
2026-06-06,Air Mineral 600ml,Minuman,34,4000,220
2026-06-06,Keripik Singkong,Makanan Ringan,10,15000,61
2026-06-06,Brownies Kukus,Makanan Ringan,8,25000,102
2026-06-06,Nasi Kotak Ayam,Makanan Berat,26,28000,108
2026-06-06,Mie Instan Goreng,Makanan Berat,40,3500,340
2026-06-06,Tote Bag Kanvas,Aksesoris,2,45000,54
2026-06-07,Kopi Susu Botol,Minuman,23,18000,332
2026-06-07,Teh Melati Botol,Minuman,15,12000,75
2026-06-07,Air Mineral 600ml,Minuman,32,4000,188
2026-06-07,Keripik Singkong,Makanan Ringan,12,15000,49
2026-06-07,Brownies Kukus,Makanan Ringan,7,25000,95
2026-06-07,Nasi Kotak Ayam,Makanan Berat,16,28000,92
2026-06-07,Mie Instan Goreng,Makanan Berat,46,3500,294
2026-06-07,Tumbler Stainless,Aksesoris,3,85000,39
2026-06-07,Tote Bag Kanvas,Aksesoris,1,45000,53
2026-06-08,Kopi Susu Botol,Minuman,12,18000,320
2026-06-08,Teh Melati Botol,Minuman,13,12000,62
2026-06-08,Air Mineral 600ml,Minuman,14,4000,174
2026-06-08,Keripik Singkong,Makanan Ringan,10,15000,39
2026-06-08,Brownies Kukus,Makanan Ringan,7,25000,88
2026-06-08,Nasi Kotak Ayam,Makanan Berat,16,28000,76
2026-06-08,Mie Instan Goreng,Makanan Berat,37,3500,257
2026-06-08,Tote Bag Kanvas,Aksesoris,4,45000,49
2026-06-09,Kopi Susu Botol,Minuman,14,18000,306
2026-06-09,Teh Melati Botol,Minuman,7,12000,273
2026-06-09,Air Mineral 600ml,Minuman,28,4000,772
2026-06-09,Keripik Singkong,Makanan Ringan,11,15000,28
2026-06-09,Brownies Kukus,Makanan Ringan,4,25000,84
2026-06-09,Nasi Kotak Ayam,Makanan Berat,12,28000,388
2026-06-09,Mie Instan Goreng,Makanan Berat,28,3500,229
2026-06-09,Tumbler Stainless,Aksesoris,1,85000,38
2026-06-09,Tote Bag Kanvas,Aksesoris,1,45000,48
2026-06-10,Kopi Susu Botol,Minuman,17,18000,289
2026-06-10,Teh Melati Botol,Minuman,8,12000,265
2026-06-10,Air Mineral 600ml,Minuman,28,4000,744
2026-06-10,Keripik Singkong,Makanan Ringan,10,15000,18
2026-06-10,Brownies Kukus,Makanan Ringan,8,25000,76
2026-06-10,Nasi Kotak Ayam,Makanan Berat,18,28000,370
2026-06-10,Mie Instan Goreng,Makanan Berat,29,3500,971
2026-06-10,Tumbler Stainless,Aksesoris,1,85000,37
2026-06-10,Tote Bag Kanvas,Aksesoris,1,45000,47
2026-06-11,Kopi Susu Botol,Minuman,15,18000,274
2026-06-11,Teh Melati Botol,Minuman,15,12000,250
2026-06-11,Air Mineral 600ml,Minuman,21,4000,723
2026-06-11,Keripik Singkong,Makanan Ringan,9,15000,9
2026-06-11,Brownies Kukus,Makanan Ringan,10,25000,66
2026-06-11,Nasi Kotak Ayam,Makanan Berat,23,28000,347
2026-06-11,Mie Instan Goreng,Makanan Berat,46,3500,925
2026-06-11,Tumbler Stainless,Aksesoris,1,85000,36
2026-06-11,Tote Bag Kanvas,Aksesoris,1,45000,46
2026-06-12,Kopi Susu Botol,Minuman,15,18000,259
2026-06-12,Teh Melati Botol,Minuman,12,12000,238
2026-06-12,Air Mineral 600ml,Minuman,35,4000,688
2026-06-12,Keripik Singkong,Makanan Ringan,10,15000,250
2026-06-12,Brownies Kukus,Makanan Ringan,14,25000,52
2026-06-12,Nasi Kotak Ayam,Makanan Berat,20,28000,327
2026-06-12,Mie Instan Goreng,Makanan Berat,39,3500,886
2026-06-12,Tumbler Stainless,Aksesoris,2,85000,34
2026-06-12,Tote Bag Kanvas,Aksesoris,2,45000,44
2026-06-13,Kopi Susu Botol,Minuman,20,18000,239
2026-06-13,Teh Melati Botol,Minuman,14,12000,224
2026-06-13,Air Mineral 600ml,Minuman,48,4000,640
2026-06-13,Keripik Singkong,Makanan Ringan,13,15000,237
2026-06-13,Brownies Kukus,Makanan Ringan,14,25000,38
2026-06-13,Nasi Kotak Ayam,Makanan Berat,15,28000,312
2026-06-13,Mie Instan Goreng,Makanan Berat,42,3500,844
2026-06-13,Tumbler Stainless,Aksesoris,5,85000,29
2026-06-13,Tote Bag Kanvas,Aksesoris,1,45000,43
2026-06-14,Kopi Susu Botol,Minuman,19,18000,220
2026-06-14,Teh Melati Botol,Minuman,15,12000,209
2026-06-14,Air Mineral 600ml,Minuman,34,4000,606
2026-06-14,Keripik Singkong,Makanan Ringan,14,15000,223
2026-06-14,Brownies Kukus,Makanan Ringan,8,25000,30
2026-06-14,Nasi Kotak Ayam,Makanan Berat,17,28000,295
2026-06-14,Mie Instan Goreng,Makanan Berat,41,3500,803
2026-06-14,Tote Bag Kanvas,Aksesoris,3,45000,40
2026-06-15,Kopi Susu Botol,Minuman,20,18000,200
2026-06-15,Teh Melati Botol,Minuman,9,12000,200
2026-06-15,Air Mineral 600ml,Minuman,32,4000,574
2026-06-15,Keripik Singkong,Makanan Ringan,6,15000,217
2026-06-15,Brownies Kukus,Makanan Ringan,9,25000,191
2026-06-15,Nasi Kotak Ayam,Makanan Berat,7,28000,288
2026-06-15,Mie Instan Goreng,Makanan Berat,30,3500,773
2026-06-15,Tumbler Stainless,Aksesoris,2,85000,27
2026-06-15,Tote Bag Kanvas,Aksesoris,2,45000,38
2026-06-16,Kopi Susu Botol,Minuman,19,18000,181
2026-06-16,Teh Melati Botol,Minuman,7,12000,193
2026-06-16,Air Mineral 600ml,Minuman,23,4000,551
2026-06-16,Keripik Singkong,Makanan Ringan,16,15000,201
2026-06-16,Brownies Kukus,Makanan Ringan,5,25000,186
2026-06-16,Nasi Kotak Ayam,Makanan Berat,9,28000,279
2026-06-16,Mie Instan Goreng,Makanan Berat,41,3500,732
2026-06-17,Kopi Susu Botol,Minuman,17,18000,164
2026-06-17,Teh Melati Botol,Minuman,11,12000,182
2026-06-17,Air Mineral 600ml,Minuman,39,4000,512
2026-06-17,Keripik Singkong,Makanan Ringan,11,15000,190
2026-06-17,Brownies Kukus,Makanan Ringan,7,25000,179
2026-06-17,Nasi Kotak Ayam,Makanan Berat,13,28000,266
2026-06-17,Mie Instan Goreng,Makanan Berat,30,3500,702
2026-06-17,Tumbler Stainless,Aksesoris,1,85000,26
2026-06-18,Kopi Susu Botol,Minuman,20,18000,144
2026-06-18,Teh Melati Botol,Minuman,9,12000,173
2026-06-18,Air Mineral 600ml,Minuman,35,4000,477
2026-06-18,Keripik Singkong,Makanan Ringan,11,15000,179
2026-06-18,Brownies Kukus,Makanan Ringan,6,25000,173
2026-06-18,Nasi Kotak Ayam,Makanan Berat,11,28000,255
2026-06-18,Mie Instan Goreng,Makanan Berat,30,3500,672
2026-06-18,Tumbler Stainless,Aksesoris,1,85000,25
2026-06-19,Kopi Susu Botol,Minuman,14,18000,130
2026-06-19,Teh Melati Botol,Minuman,13,12000,160
2026-06-19,Air Mineral 600ml,Minuman,34,4000,443
2026-06-19,Keripik Singkong,Makanan Ringan,6,15000,173
2026-06-19,Brownies Kukus,Makanan Ringan,9,25000,164
2026-06-19,Nasi Kotak Ayam,Makanan Berat,15,28000,240
2026-06-19,Mie Instan Goreng,Makanan Berat,38,3500,634
2026-06-19,Tumbler Stainless,Aksesoris,1,85000,24
2026-06-19,Tote Bag Kanvas,Aksesoris,3,45000,35
2026-06-20,Kopi Susu Botol,Minuman,23,18000,107
2026-06-20,Teh Melati Botol,Minuman,14,12000,146
2026-06-20,Air Mineral 600ml,Minuman,32,4000,411
2026-06-20,Keripik Singkong,Makanan Ringan,15,15000,158
2026-06-20,Brownies Kukus,Makanan Ringan,10,25000,154
2026-06-20,Nasi Kotak Ayam,Makanan Berat,15,28000,225
2026-06-20,Mie Instan Goreng,Makanan Berat,40,3500,594
2026-06-20,Tumbler Stainless,Aksesoris,1,85000,23
2026-06-20,Tote Bag Kanvas,Aksesoris,5,45000,30
2026-06-21,Kopi Susu Botol,Minuman,28,18000,79
2026-06-21,Teh Melati Botol,Minuman,9,12000,137
2026-06-21,Air Mineral 600ml,Minuman,32,4000,379
2026-06-21,Keripik Singkong,Makanan Ringan,6,15000,152
2026-06-21,Brownies Kukus,Makanan Ringan,8,25000,146
2026-06-21,Nasi Kotak Ayam,Makanan Berat,25,28000,200
2026-06-21,Mie Instan Goreng,Makanan Berat,51,3500,543
2026-06-21,Tumbler Stainless,Aksesoris,4,85000,19
2026-06-21,Tote Bag Kanvas,Aksesoris,1,45000,29
2026-06-22,Kopi Susu Botol,Minuman,7,18000,413
2026-06-22,Teh Melati Botol,Minuman,10,12000,127
2026-06-22,Air Mineral 600ml,Minuman,28,4000,351
2026-06-22,Keripik Singkong,Makanan Ringan,6,15000,146
2026-06-22,Brownies Kukus,Makanan Ringan,8,25000,138
2026-06-22,Nasi Kotak Ayam,Makanan Berat,10,28000,190
2026-06-22,Mie Instan Goreng,Makanan Berat,36,3500,507
2026-06-22,Tumbler Stainless,Aksesoris,1,85000,18
2026-06-23,Kopi Susu Botol,Minuman,13,18000,400
2026-06-23,Teh Melati Botol,Minuman,11,12000,116
2026-06-23,Air Mineral 600ml,Minuman,33,4000,318
2026-06-23,Keripik Singkong,Makanan Ringan,5,15000,141
2026-06-23,Brownies Kukus,Makanan Ringan,11,25000,127
2026-06-23,Nasi Kotak Ayam,Makanan Berat,19,28000,171
2026-06-23,Mie Instan Goreng,Makanan Berat,36,3500,471
2026-06-23,Tumbler Stainless,Aksesoris,2,85000,16
2026-06-23,Tote Bag Kanvas,Aksesoris,1,45000,28
2026-06-24,Kopi Susu Botol,Minuman,14,18000,386
2026-06-24,Teh Melati Botol,Minuman,10,12000,106
2026-06-24,Air Mineral 600ml,Minuman,37,4000,281
2026-06-24,Keripik Singkong,Makanan Ringan,11,15000,130
2026-06-24,Brownies Kukus,Makanan Ringan,8,25000,119
2026-06-24,Nasi Kotak Ayam,Makanan Berat,10,28000,161
2026-06-24,Mie Instan Goreng,Makanan Berat,36,3500,435
2026-06-24,Tumbler Stainless,Aksesoris,5,85000,11
2026-06-24,Tote Bag Kanvas,Aksesoris,1,45000,27
2026-06-25,Kopi Susu Botol,Minuman,20,18000,366
2026-06-25,Teh Melati Botol,Minuman,12,12000,94
2026-06-25,Air Mineral 600ml,Minuman,32,4000,249
2026-06-25,Keripik Singkong,Makanan Ringan,10,15000,120
2026-06-25,Brownies Kukus,Makanan Ringan,5,25000,114
2026-06-25,Nasi Kotak Ayam,Makanan Berat,15,28000,146
2026-06-25,Mie Instan Goreng,Makanan Berat,34,3500,401
2026-06-26,Kopi Susu Botol,Minuman,22,18000,344
2026-06-26,Teh Melati Botol,Minuman,16,12000,78
2026-06-26,Air Mineral 600ml,Minuman,39,4000,210
2026-06-26,Keripik Singkong,Makanan Ringan,9,15000,111
2026-06-26,Brownies Kukus,Makanan Ringan,8,25000,106
2026-06-26,Nasi Kotak Ayam,Makanan Berat,18,28000,128
2026-06-26,Mie Instan Goreng,Makanan Berat,32,3500,369
2026-06-26,Tumbler Stainless,Aksesoris,1,85000,44
2026-06-27,Kopi Susu Botol,Minuman,30,18000,314
2026-06-27,Teh Melati Botol,Minuman,10,12000,68
2026-06-27,Air Mineral 600ml,Minuman,44,4000,166
2026-06-27,Keripik Singkong,Makanan Ringan,15,15000,96
2026-06-27,Brownies Kukus,Makanan Ringan,7,25000,99
2026-06-27,Nasi Kotak Ayam,Makanan Berat,10,28000,118
2026-06-27,Mie Instan Goreng,Makanan Berat,39,3500,330
2026-06-27,Tumbler Stainless,Aksesoris,1,85000,43
2026-06-27,Tote Bag Kanvas,Aksesoris,4,45000,23
2026-06-28,Kopi Susu Botol,Minuman,14,18000,300
2026-06-28,Teh Melati Botol,Minuman,20,12000,48
2026-06-28,Air Mineral 600ml,Minuman,47,4000,753
2026-06-28,Keripik Singkong,Makanan Ringan,18,15000,78
2026-06-28,Brownies Kukus,Makanan Ringan,2,25000,97
2026-06-28,Nasi Kotak Ayam,Makanan Berat,11,28000,107
2026-06-28,Mie Instan Goreng,Makanan Berat,49,3500,281
2026-06-28,Tumbler Stainless,Aksesoris,1,85000,42
2026-06-28,Tote Bag Kanvas,Aksesoris,2,45000,21
2026-06-29,Kopi Susu Botol,Minuman,12,18000,288
2026-06-29,Teh Melati Botol,Minuman,11,12000,37
2026-06-29,Air Mineral 600ml,Minuman,19,4000,734
2026-06-29,Keripik Singkong,Makanan Ringan,9,15000,69
2026-06-29,Brownies Kukus,Makanan Ringan,9,25000,88
2026-06-29,Nasi Kotak Ayam,Makanan Berat,16,28000,91
2026-06-29,Mie Instan Goreng,Makanan Berat,33,3500,248
2026-06-29,Tumbler Stainless,Aksesoris,1,85000,41
2026-06-29,Tote Bag Kanvas,Aksesoris,2,45000,19
2026-06-30,Kopi Susu Botol,Minuman,12,18000,276
2026-06-30,Teh Melati Botol,Minuman,17,12000,20
2026-06-30,Air Mineral 600ml,Minuman,30,4000,704
2026-06-30,Keripik Singkong,Makanan Ringan,8,15000,61
2026-06-30,Brownies Kukus,Makanan Ringan,5,25000,83
2026-06-30,Nasi Kotak Ayam,Makanan Berat,13,28000,387
2026-06-30,Mie Instan Goreng,Makanan Berat,38,3500,962
2026-06-30,Tumbler Stainless,Aksesoris,1,85000,40
2026-06-30,Tote Bag Kanvas,Aksesoris,4,45000,15
2026-07-01,Kopi Susu Botol,Minuman,14,18000,262
2026-07-01,Teh Melati Botol,Minuman,3,12000,17
2026-07-01,Air Mineral 600ml,Minuman,31,4000,673
2026-07-01,Keripik Singkong,Makanan Ringan,8,15000,252
2026-07-01,Brownies Kukus,Makanan Ringan,5,25000,78
2026-07-01,Nasi Kotak Ayam,Makanan Berat,19,28000,368
2026-07-01,Mie Instan Goreng,Makanan Berat,43,3500,919
2026-07-01,Tote Bag Kanvas,Aksesoris,2,45000,13
2026-07-02,Kopi Susu Botol,Minuman,15,18000,247
2026-07-02,Teh Melati Botol,Minuman,11,12000,269
2026-07-02,Air Mineral 600ml,Minuman,26,4000,647
2026-07-02,Keripik Singkong,Makanan Ringan,10,15000,242
2026-07-02,Brownies Kukus,Makanan Ringan,3,25000,75
2026-07-02,Nasi Kotak Ayam,Makanan Berat,13,28000,355
2026-07-02,Mie Instan Goreng,Makanan Berat,36,3500,883
2026-07-02,Tumbler Stainless,Aksesoris,1,85000,39
2026-07-02,Tote Bag Kanvas,Aksesoris,3,45000,67
2026-07-03,Kopi Susu Botol,Minuman,17,18000,230
2026-07-03,Teh Melati Botol,Minuman,14,12000,255
2026-07-03,Air Mineral 600ml,Minuman,33,4000,614
2026-07-03,Keripik Singkong,Makanan Ringan,7,15000,235
2026-07-03,Brownies Kukus,Makanan Ringan,8,25000,67
2026-07-03,Nasi Kotak Ayam,Makanan Berat,13,28000,342
2026-07-03,Mie Instan Goreng,Makanan Berat,42,3500,841
2026-07-03,Tumbler Stainless,Aksesoris,1,85000,38
2026-07-03,Tote Bag Kanvas,Aksesoris,3,45000,64
2026-07-04,Kopi Susu Botol,Minuman,14,18000,216
2026-07-04,Teh Melati Botol,Minuman,17,12000,238
2026-07-04,Air Mineral 600ml,Minuman,29,4000,585
2026-07-04,Keripik Singkong,Makanan Ringan,13,15000,222
2026-07-04,Brownies Kukus,Makanan Ringan,9,25000,58
2026-07-04,Nasi Kotak Ayam,Makanan Berat,17,28000,325
2026-07-04,Mie Instan Goreng,Makanan Berat,51,3500,790
2026-07-04,Tote Bag Kanvas,Aksesoris,5,45000,59
2026-07-05,Kopi Susu Botol,Minuman,21,18000,195
2026-07-05,Teh Melati Botol,Minuman,18,12000,220
2026-07-05,Air Mineral 600ml,Minuman,33,4000,552
2026-07-05,Keripik Singkong,Makanan Ringan,13,15000,209
2026-07-05,Brownies Kukus,Makanan Ringan,4,25000,54
2026-07-05,Nasi Kotak Ayam,Makanan Berat,24,28000,301
2026-07-05,Mie Instan Goreng,Makanan Berat,49,3500,741
2026-07-05,Tumbler Stainless,Aksesoris,3,85000,35
2026-07-06,Kopi Susu Botol,Minuman,21,18000,174
2026-07-06,Teh Melati Botol,Minuman,9,12000,211
2026-07-06,Air Mineral 600ml,Minuman,42,4000,510
2026-07-06,Keripik Singkong,Makanan Ringan,17,15000,192
2026-07-06,Brownies Kukus,Makanan Ringan,2,25000,52
2026-07-06,Nasi Kotak Ayam,Makanan Berat,15,28000,286
2026-07-06,Mie Instan Goreng,Makanan Berat,31,3500,710
2026-07-06,Tumbler Stainless,Aksesoris,1,85000,34
2026-07-07,Kopi Susu Botol,Minuman,18,18000,156
2026-07-07,Teh Melati Botol,Minuman,11,12000,200
2026-07-07,Air Mineral 600ml,Minuman,34,4000,476
2026-07-07,Keripik Singkong,Makanan Ringan,15,15000,177
2026-07-07,Brownies Kukus,Makanan Ringan,5,25000,47
2026-07-07,Nasi Kotak Ayam,Makanan Berat,13,28000,273
2026-07-07,Mie Instan Goreng,Makanan Berat,38,3500,672
2026-07-07,Tote Bag Kanvas,Aksesoris,1,45000,58
2026-07-08,Kopi Susu Botol,Minuman,17,18000,139
2026-07-08,Teh Melati Botol,Minuman,8,12000,192
2026-07-08,Air Mineral 600ml,Minuman,30,4000,446
2026-07-08,Keripik Singkong,Makanan Ringan,16,15000,161
2026-07-08,Brownies Kukus,Makanan Ringan,10,25000,190
2026-07-08,Nasi Kotak Ayam,Makanan Berat,13,28000,260
2026-07-08,Mie Instan Goreng,Makanan Berat,32,3500,640
2026-07-08,Tote Bag Kanvas,Aksesoris,6,45000,52
2026-07-09,Kopi Susu Botol,Minuman,17,18000,122
2026-07-09,Teh Melati Botol,Minuman,9,12000,183
2026-07-09,Air Mineral 600ml,Minuman,27,4000,419
2026-07-09,Keripik Singkong,Makanan Ringan,8,15000,153
2026-07-09,Brownies Kukus,Makanan Ringan,3,25000,187
2026-07-09,Nasi Kotak Ayam,Makanan Berat,10,28000,250
2026-07-09,Mie Instan Goreng,Makanan Berat,30,3500,610
2026-07-09,Tumbler Stainless,Aksesoris,1,85000,33
2026-07-09,Tote Bag Kanvas,Aksesoris,4,45000,48
2026-07-10,Kopi Susu Botol,Minuman,14,18000,108
2026-07-10,Teh Melati Botol,Minuman,10,12000,173
2026-07-10,Air Mineral 600ml,Minuman,42,4000,377
2026-07-10,Keripik Singkong,Makanan Ringan,13,15000,140
2026-07-10,Brownies Kukus,Makanan Ringan,6,25000,181
2026-07-10,Nasi Kotak Ayam,Makanan Berat,21,28000,229
2026-07-10,Mie Instan Goreng,Makanan Berat,48,3500,562
2026-07-10,Tumbler Stainless,Aksesoris,1,85000,32
2026-07-10,Tote Bag Kanvas,Aksesoris,2,45000,46
2026-07-11,Kopi Susu Botol,Minuman,27,18000,81
2026-07-11,Teh Melati Botol,Minuman,12,12000,161
2026-07-11,Air Mineral 600ml,Minuman,37,4000,340
2026-07-11,Keripik Singkong,Makanan Ringan,11,15000,129
2026-07-11,Brownies Kukus,Makanan Ringan,6,25000,175
2026-07-11,Nasi Kotak Ayam,Makanan Berat,22,28000,207
2026-07-11,Mie Instan Goreng,Makanan Berat,48,3500,514
2026-07-11,Tote Bag Kanvas,Aksesoris,3,45000,43
2026-07-12,Kopi Susu Botol,Minuman,18,18000,402
2026-07-12,Teh Melati Botol,Minuman,12,12000,149
2026-07-12,Air Mineral 600ml,Minuman,34,4000,306
2026-07-12,Keripik Singkong,Makanan Ringan,15,15000,114
2026-07-12,Brownies Kukus,Makanan Ringan,8,25000,167
2026-07-12,Nasi Kotak Ayam,Makanan Berat,20,28000,187
2026-07-12,Mie Instan Goreng,Makanan Berat,47,3500,467
2026-07-12,Tumbler Stainless,Aksesoris,1,85000,31
2026-07-13,Kopi Susu Botol,Minuman,21,18000,381
2026-07-13,Teh Melati Botol,Minuman,17,12000,132
2026-07-13,Air Mineral 600ml,Minuman,30,4000,276
2026-07-13,Keripik Singkong,Makanan Ringan,17,15000,97
2026-07-13,Brownies Kukus,Makanan Ringan,5,25000,162
2026-07-13,Nasi Kotak Ayam,Makanan Berat,11,28000,176
2026-07-13,Mie Instan Goreng,Makanan Berat,23,3500,444
2026-07-13,Tumbler Stainless,Aksesoris,2,85000,29
2026-07-13,Tote Bag Kanvas,Aksesoris,1,45000,42
2026-07-14,Kopi Susu Botol,Minuman,14,18000,367
2026-07-14,Teh Melati Botol,Minuman,8,12000,124
2026-07-14,Air Mineral 600ml,Minuman,34,4000,242
2026-07-14,Keripik Singkong,Makanan Ringan,14,15000,83
2026-07-14,Brownies Kukus,Makanan Ringan,8,25000,154
2026-07-14,Nasi Kotak Ayam,Makanan Berat,12,28000,164
2026-07-14,Mie Instan Goreng,Makanan Berat,28,3500,416
2026-07-14,Tumbler Stainless,Aksesoris,3,85000,26
2026-07-14,Tote Bag Kanvas,Aksesoris,1,45000,41
2026-07-15,Kopi Susu Botol,Minuman,13,18000,354
2026-07-15,Teh Melati Botol,Minuman,7,12000,117
2026-07-15,Air Mineral 600ml,Minuman,24,4000,218
2026-07-15,Keripik Singkong,Makanan Ringan,10,15000,73
2026-07-15,Brownies Kukus,Makanan Ringan,8,25000,146
2026-07-15,Nasi Kotak Ayam,Makanan Berat,13,28000,151
2026-07-15,Mie Instan Goreng,Makanan Berat,39,3500,377
2026-07-15,Tumbler Stainless,Aksesoris,2,85000,24
2026-07-15,Tote Bag Kanvas,Aksesoris,2,45000,39
2026-07-16,Kopi Susu Botol,Minuman,14,18000,340
2026-07-16,Teh Melati Botol,Minuman,12,12000,105
2026-07-16,Air Mineral 600ml,Minuman,31,4000,187
2026-07-16,Keripik Singkong,Makanan Ringan,10,15000,63
2026-07-16,Brownies Kukus,Makanan Ringan,6,25000,140
2026-07-16,Nasi Kotak Ayam,Makanan Berat,12,28000,139
2026-07-16,Mie Instan Goreng,Makanan Berat,36,3500,341
2026-07-16,Tote Bag Kanvas,Aksesoris,1,45000,38
2026-07-17,Kopi Susu Botol,Minuman,23,18000,317
2026-07-17,Teh Melati Botol,Minuman,24,12000,81
2026-07-17,Air Mineral 600ml,Minuman,46,4000,141
2026-07-17,Keripik Singkong,Makanan Ringan,13,15000,247
2026-07-17,Brownies Kukus,Makanan Ringan,7,25000,133
2026-07-17,Nasi Kotak Ayam,Makanan Berat,21,28000,118
2026-07-17,Mie Instan Goreng,Makanan Berat,43,3500,298
2026-07-17,Tumbler Stainless,Aksesoris,5,85000,19
2026-07-17,Tote Bag Kanvas,Aksesoris,3,45000,35
2026-07-18,Kopi Susu Botol,Minuman,20,18000,297
2026-07-18,Teh Melati Botol,Minuman,15,12000,66
2026-07-18,Air Mineral 600ml,Minuman,36,4000,764
2026-07-18,Keripik Singkong,Makanan Ringan,12,15000,235
2026-07-18,Brownies Kukus,Makanan Ringan,7,25000,126
2026-07-18,Nasi Kotak Ayam,Makanan Berat,20,28000,98
2026-07-18,Mie Instan Goreng,Makanan Berat,61,3500,237
2026-07-18,Tumbler Stainless,Aksesoris,1,85000,18
2026-07-18,Tote Bag Kanvas,Aksesoris,2,45000,33
2026-07-19,Kopi Susu Botol,Minuman,24,18000,273
2026-07-19,Teh Melati Botol,Minuman,8,12000,58
2026-07-19,Air Mineral 600ml,Minuman,32,4000,732
2026-07-19,Keripik Singkong,Makanan Ringan,9,15000,226
2026-07-19,Brownies Kukus,Makanan Ringan,12,25000,114
2026-07-19,Nasi Kotak Ayam,Makanan Berat,13,28000,387
2026-07-19,Mie Instan Goreng,Makanan Berat,42,3500,195
2026-07-19,Tumbler Stainless,Aksesoris,1,85000,17
2026-07-19,Tote Bag Kanvas,Aksesoris,2,45000,31
2026-07-20,Kopi Susu Botol,Minuman,11,18000,262
2026-07-20,Teh Melati Botol,Minuman,7,12000,273
2026-07-20,Air Mineral 600ml,Minuman,23,4000,709
2026-07-20,Keripik Singkong,Makanan Ringan,7,15000,219
2026-07-20,Brownies Kukus,Makanan Ringan,7,25000,107
2026-07-20,Nasi Kotak Ayam,Makanan Berat,11,28000,376
2026-07-20,Mie Instan Goreng,Makanan Berat,33,3500,967
2026-07-20,Tote Bag Kanvas,Aksesoris,3,45000,28
2026-07-21,Kopi Susu Botol,Minuman,17,18000,245
2026-07-21,Teh Melati Botol,Minuman,11,12000,262
2026-07-21,Air Mineral 600ml,Minuman,23,4000,686
2026-07-21,Keripik Singkong,Makanan Ringan,7,15000,212
2026-07-21,Brownies Kukus,Makanan Ringan,5,25000,102
2026-07-21,Nasi Kotak Ayam,Makanan Berat,16,28000,360
2026-07-21,Mie Instan Goreng,Makanan Berat,35,3500,932
2026-07-21,Tumbler Stainless,Aksesoris,1,85000,16
2026-07-21,Tote Bag Kanvas,Aksesoris,2,45000,26
2026-07-22,Kopi Susu Botol,Minuman,16,18000,229
2026-07-22,Teh Melati Botol,Minuman,15,12000,247
2026-07-22,Air Mineral 600ml,Minuman,37,4000,649
2026-07-22,Keripik Singkong,Makanan Ringan,12,15000,200
2026-07-22,Brownies Kukus,Makanan Ringan,10,25000,92
2026-07-22,Nasi Kotak Ayam,Makanan Berat,19,28000,341
2026-07-22,Mie Instan Goreng,Makanan Berat,31,3500,901
2026-07-22,Tumbler Stainless,Aksesoris,2,85000,14
2026-07-23,Kopi Susu Botol,Minuman,16,18000,213
2026-07-23,Teh Melati Botol,Minuman,12,12000,235
2026-07-23,Air Mineral 600ml,Minuman,30,4000,619
2026-07-23,Keripik Singkong,Makanan Ringan,9,15000,191
2026-07-23,Brownies Kukus,Makanan Ringan,10,25000,82
2026-07-23,Nasi Kotak Ayam,Makanan Berat,16,28000,325
2026-07-23,Mie Instan Goreng,Makanan Berat,47,3500,854
2026-07-23,Tumbler Stainless,Aksesoris,4,85000,10
2026-07-23,Tote Bag Kanvas,Aksesoris,3,45000,23
2026-07-24,Kopi Susu Botol,Minuman,21,18000,192
2026-07-24,Teh Melati Botol,Minuman,11,12000,224
2026-07-24,Air Mineral 600ml,Minuman,49,4000,570
2026-07-24,Keripik Singkong,Makanan Ringan,16,15000,175
2026-07-24,Brownies Kukus,Makanan Ringan,11,25000,71
2026-07-24,Nasi Kotak Ayam,Makanan Berat,17,28000,308
2026-07-24,Mie Instan Goreng,Makanan Berat,47,3500,807
2026-07-24,Tumbler Stainless,Aksesoris,2,85000,8
2026-07-24,Tote Bag Kanvas,Aksesoris,2,45000,21
2026-07-25,Kopi Susu Botol,Minuman,26,18000,166
2026-07-25,Teh Melati Botol,Minuman,14,12000,210
2026-07-25,Air Mineral 600ml,Minuman,43,4000,527
2026-07-25,Keripik Singkong,Makanan Ringan,13,15000,162
2026-07-25,Brownies Kukus,Makanan Ringan,4,25000,67
2026-07-25,Nasi Kotak Ayam,Makanan Berat,16,28000,292
2026-07-25,Mie Instan Goreng,Makanan Berat,46,3500,761
2026-07-25,Tumbler Stainless,Aksesoris,2,85000,43
2026-07-26,Kopi Susu Botol,Minuman,21,18000,145
2026-07-26,Teh Melati Botol,Minuman,12,12000,198
2026-07-26,Air Mineral 600ml,Minuman,40,4000,487
2026-07-26,Keripik Singkong,Makanan Ringan,8,15000,154
2026-07-26,Brownies Kukus,Makanan Ringan,7,25000,60
2026-07-26,Nasi Kotak Ayam,Makanan Berat,22,28000,270
2026-07-26,Mie Instan Goreng,Makanan Berat,55,3500,706
2026-07-26,Tumbler Stainless,Aksesoris,1,85000,42
2026-07-26,Tote Bag Kanvas,Aksesoris,2,45000,19
2026-07-27,Kopi Susu Botol,Minuman,12,18000,133
2026-07-27,Teh Melati Botol,Minuman,5,12000,193
2026-07-27,Air Mineral 600ml,Minuman,32,4000,455
2026-07-27,Keripik Singkong,Makanan Ringan,7,15000,147
2026-07-27,Brownies Kukus,Makanan Ringan,6,25000,54
2026-07-27,Nasi Kotak Ayam,Makanan Berat,9,28000,261
2026-07-27,Mie Instan Goreng,Makanan Berat,42,3500,664
2026-07-27,Tote Bag Kanvas,Aksesoris,3,45000,16
2026-07-28,Kopi Susu Botol,Minuman,20,18000,113
2026-07-28,Teh Melati Botol,Minuman,7,12000,186
2026-07-28,Air Mineral 600ml,Minuman,37,4000,418
2026-07-28,Keripik Singkong,Makanan Ringan,9,15000,138
2026-07-28,Brownies Kukus,Makanan Ringan,6,25000,48
2026-07-28,Nasi Kotak Ayam,Makanan Berat,20,28000,241
2026-07-28,Mie Instan Goreng,Makanan Berat,42,3500,622
2026-07-28,Tumbler Stainless,Aksesoris,1,85000,41
2026-07-28,Tote Bag Kanvas,Aksesoris,7,45000,9
2026-07-29,Kopi Susu Botol,Minuman,16,18000,97
2026-07-29,Teh Melati Botol,Minuman,13,12000,173
2026-07-29,Air Mineral 600ml,Minuman,29,4000,389
2026-07-29,Keripik Singkong,Makanan Ringan,11,15000,127
2026-07-29,Brownies Kukus,Makanan Ringan,5,25000,195
2026-07-29,Nasi Kotak Ayam,Makanan Berat,16,28000,225
2026-07-29,Mie Instan Goreng,Makanan Berat,41,3500,581
2026-07-29,Tumbler Stainless,Aksesoris,3,85000,38
2026-07-29,Tote Bag Kanvas,Aksesoris,1,45000,69
2026-07-30,Kopi Susu Botol,Minuman,16,18000,404
2026-07-30,Teh Melati Botol,Minuman,13,12000,160
2026-07-30,Air Mineral 600ml,Minuman,37,4000,352
2026-07-30,Keripik Singkong,Makanan Ringan,13,15000,114
2026-07-30,Brownies Kukus,Makanan Ringan,10,25000,185
2026-07-30,Nasi Kotak Ayam,Makanan Berat,8,28000,217
2026-07-30,Mie Instan Goreng,Makanan Berat,45,3500,536
2026-07-31,Kopi Susu Botol,Minuman,20,18000,384
2026-07-31,Teh Melati Botol,Minuman,8,12000,152
2026-07-31,Air Mineral 600ml,Minuman,38,4000,314
2026-07-31,Keripik Singkong,Makanan Ringan,12,15000,102
2026-07-31,Brownies Kukus,Makanan Ringan,7,25000,178
2026-07-31,Nasi Kotak Ayam,Makanan Berat,17,28000,200
2026-07-31,Mie Instan Goreng,Makanan Berat,38,3500,498
2026-07-31,Tumbler Stainless,Aksesoris,3,85000,35
2026-07-31,Tote Bag Kanvas,Aksesoris,2,45000,67
2026-08-01,Kopi Susu Botol,Minuman,23,18000,361
2026-08-01,Teh Melati Botol,Minuman,10,12000,142
2026-08-01,Air Mineral 600ml,Minuman,35,4000,279
2026-08-01,Keripik Singkong,Makanan Ringan,12,15000,90
2026-08-01,Brownies Kukus,Makanan Ringan,10,25000,168
2026-08-01,Nasi Kotak Ayam,Makanan Berat,28,28000,172
2026-08-01,Mie Instan Goreng,Makanan Berat,43,3500,455
2026-08-01,Tumbler Stainless,Aksesoris,1,85000,34
2026-08-01,Tote Bag Kanvas,Aksesoris,4,45000,63
2026-08-02,Kopi Susu Botol,Minuman,17,18000,344
2026-08-02,Teh Melati Botol,Minuman,10,12000,132
2026-08-02,Air Mineral 600ml,Minuman,46,4000,233
2026-08-02,Keripik Singkong,Makanan Ringan,12,15000,78
2026-08-02,Brownies Kukus,Makanan Ringan,8,25000,160
2026-08-02,Nasi Kotak Ayam,Makanan Berat,23,28000,149
2026-08-02,Mie Instan Goreng,Makanan Berat,48,3500,407
2026-08-02,Tumbler Stainless,Aksesoris,1,85000,33
2026-08-02,Tote Bag Kanvas,Aksesoris,2,45000,61
2026-08-03,Kopi Susu Botol,Minuman,12,18000,332
2026-08-03,Teh Melati Botol,Minuman,7,12000,125
2026-08-03,Air Mineral 600ml,Minuman,35,4000,198
2026-08-03,Keripik Singkong,Makanan Ringan,8,15000,70
2026-08-03,Brownies Kukus,Makanan Ringan,5,25000,155
2026-08-03,Nasi Kotak Ayam,Makanan Berat,15,28000,134
2026-08-03,Mie Instan Goreng,Makanan Berat,35,3500,372
2026-08-03,Tote Bag Kanvas,Aksesoris,1,45000,60
2026-08-04,Kopi Susu Botol,Minuman,21,18000,311
2026-08-04,Teh Melati Botol,Minuman,10,12000,115
2026-08-04,Air Mineral 600ml,Minuman,47,4000,151
2026-08-04,Keripik Singkong,Makanan Ringan,9,15000,61
2026-08-04,Brownies Kukus,Makanan Ringan,10,25000,145
2026-08-04,Nasi Kotak Ayam,Makanan Berat,12,28000,122
2026-08-04,Mie Instan Goreng,Makanan Berat,37,3500,335
2026-08-04,Tumbler Stainless,Aksesoris,1,85000,32
2026-08-04,Tote Bag Kanvas,Aksesoris,1,45000,59
2026-08-05,Kopi Susu Botol,Minuman,18,18000,293
2026-08-05,Teh Melati Botol,Minuman,13,12000,102
2026-08-05,Air Mineral 600ml,Minuman,24,4000,776
2026-08-05,Keripik Singkong,Makanan Ringan,9,15000,52
2026-08-05,Brownies Kukus,Makanan Ringan,6,25000,139
2026-08-05,Nasi Kotak Ayam,Makanan Berat,14,28000,108
2026-08-05,Mie Instan Goreng,Makanan Berat,43,3500,292
2026-08-05,Tote Bag Kanvas,Aksesoris,5,45000,54
2026-08-06,Kopi Susu Botol,Minuman,20,18000,273
2026-08-06,Teh Melati Botol,Minuman,12,12000,90
2026-08-06,Air Mineral 600ml,Minuman,29,4000,747
2026-08-06,Keripik Singkong,Makanan Ringan,10,15000,42
2026-08-06,Brownies Kukus,Makanan Ringan,5,25000,134
2026-08-06,Nasi Kotak Ayam,Makanan Berat,14,28000,94
2026-08-06,Mie Instan Goreng,Makanan Berat,33,3500,259
2026-08-06,Tumbler Stainless,Aksesoris,1,85000,31
2026-08-06,Tote Bag Kanvas,Aksesoris,1,45000,53
2026-08-07,Kopi Susu Botol,Minuman,23,18000,250
2026-08-07,Teh Melati Botol,Minuman,16,12000,74
2026-08-07,Air Mineral 600ml,Minuman,41,4000,706
2026-08-07,Keripik Singkong,Makanan Ringan,9,15000,251
2026-08-07,Brownies Kukus,Makanan Ringan,9,25000,125
2026-08-07,Nasi Kotak Ayam,Makanan Berat,16,28000,78
2026-08-07,Mie Instan Goreng,Makanan Berat,51,3500,208
2026-08-07,Tote Bag Kanvas,Aksesoris,8,45000,45
2026-08-08,Kopi Susu Botol,Minuman,31,18000,219
2026-08-08,Teh Melati Botol,Minuman,15,12000,59
2026-08-08,Air Mineral 600ml,Minuman,42,4000,664
2026-08-08,Keripik Singkong,Makanan Ringan,12,15000,239
2026-08-08,Brownies Kukus,Makanan Ringan,12,25000,113
2026-08-08,Nasi Kotak Ayam,Makanan Berat,26,28000,374
2026-08-08,Mie Instan Goreng,Makanan Berat,61,3500,147
2026-08-08,Tumbler Stainless,Aksesoris,2,85000,29
2026-08-08,Tote Bag Kanvas,Aksesoris,2,45000,43
2026-08-09,Kopi Susu Botol,Minuman,23,18000,196
2026-08-09,Teh Melati Botol,Minuman,22,12000,258
2026-08-09,Air Mineral 600ml,Minuman,50,4000,614
2026-08-09,Keripik Singkong,Makanan Ringan,14,15000,225
2026-08-09,Brownies Kukus,Makanan Ringan,8,25000,105
2026-08-09,Nasi Kotak Ayam,Makanan Berat,17,28000,357
2026-08-09,Mie Instan Goreng,Makanan Berat,41,3500,106
2026-08-09,Tote Bag Kanvas,Aksesoris,1,45000,42
2026-08-10,Kopi Susu Botol,Minuman,23,18000,173
2026-08-10,Teh Melati Botol,Minuman,8,12000,250
2026-08-10,Air Mineral 600ml,Minuman,35,4000,579
2026-08-10,Keripik Singkong,Makanan Ringan,7,15000,218
2026-08-10,Brownies Kukus,Makanan Ringan,9,25000,96
2026-08-10,Nasi Kotak Ayam,Makanan Berat,9,28000,348
2026-08-10,Mie Instan Goreng,Makanan Berat,38,3500,962
2026-08-10,Tote Bag Kanvas,Aksesoris,1,45000,41
2026-08-11,Kopi Susu Botol,Minuman,15,18000,158
2026-08-11,Teh Melati Botol,Minuman,10,12000,240
2026-08-11,Air Mineral 600ml,Minuman,34,4000,545
2026-08-11,Keripik Singkong,Makanan Ringan,13,15000,205
2026-08-11,Brownies Kukus,Makanan Ringan,4,25000,92
2026-08-11,Nasi Kotak Ayam,Makanan Berat,18,28000,330
2026-08-11,Mie Instan Goreng,Makanan Berat,39,3500,923
2026-08-11,Tumbler Stainless,Aksesoris,1,85000,28
2026-08-11,Tote Bag Kanvas,Aksesoris,2,45000,39
2026-08-12,Kopi Susu Botol,Minuman,13,18000,145
2026-08-12,Teh Melati Botol,Minuman,12,12000,228
2026-08-12,Air Mineral 600ml,Minuman,34,4000,511
2026-08-12,Keripik Singkong,Makanan Ringan,9,15000,196
2026-08-12,Brownies Kukus,Makanan Ringan,10,25000,82
2026-08-12,Nasi Kotak Ayam,Makanan Berat,10,28000,320
2026-08-12,Mie Instan Goreng,Makanan Berat,33,3500,890
2026-08-12,Tumbler Stainless,Aksesoris,2,85000,26
2026-08-13,Kopi Susu Botol,Minuman,17,18000,128
2026-08-13,Teh Melati Botol,Minuman,16,12000,212
2026-08-13,Air Mineral 600ml,Minuman,27,4000,484
2026-08-13,Keripik Singkong,Makanan Ringan,9,15000,187
2026-08-13,Brownies Kukus,Makanan Ringan,11,25000,71
2026-08-13,Nasi Kotak Ayam,Makanan Berat,17,28000,303
2026-08-13,Mie Instan Goreng,Makanan Berat,33,3500,857
2026-08-13,Tumbler Stainless,Aksesoris,2,85000,24
2026-08-13,Tote Bag Kanvas,Aksesoris,1,45000,38
2026-08-14,Kopi Susu Botol,Minuman,13,18000,115
2026-08-14,Teh Melati Botol,Minuman,7,12000,205
2026-08-14,Air Mineral 600ml,Minuman,40,4000,444
2026-08-14,Keripik Singkong,Makanan Ringan,16,15000,171
2026-08-14,Brownies Kukus,Makanan Ringan,7,25000,64
2026-08-14,Nasi Kotak Ayam,Makanan Berat,13,28000,290
2026-08-14,Mie Instan Goreng,Makanan Berat,44,3500,813
2026-08-14,Tumbler Stainless,Aksesoris,2,85000,22
2026-08-15,Kopi Susu Botol,Minuman,24,18000,91
2026-08-15,Teh Melati Botol,Minuman,15,12000,190
2026-08-15,Air Mineral 600ml,Minuman,42,4000,402
2026-08-15,Keripik Singkong,Makanan Ringan,14,15000,157
2026-08-15,Brownies Kukus,Makanan Ringan,10,25000,54
2026-08-15,Nasi Kotak Ayam,Makanan Berat,17,28000,273
2026-08-15,Mie Instan Goreng,Makanan Berat,53,3500,760
2026-08-15,Tumbler Stainless,Aksesoris,3,85000,19
2026-08-15,Tote Bag Kanvas,Aksesoris,2,45000,36
2026-08-16,Kopi Susu Botol,Minuman,21,18000,70
2026-08-16,Teh Melati Botol,Minuman,16,12000,174
2026-08-16,Air Mineral 600ml,Minuman,44,4000,358
2026-08-16,Keripik Singkong,Makanan Ringan,11,15000,146
2026-08-16,Brownies Kukus,Makanan Ringan,3,25000,51
2026-08-16,Nasi Kotak Ayam,Makanan Berat,26,28000,247
2026-08-16,Mie Instan Goreng,Makanan Berat,44,3500,716
2026-08-16,Tumbler Stainless,Aksesoris,1,85000,18
2026-08-16,Tote Bag Kanvas,Aksesoris,2,45000,34
2026-08-17,Kopi Susu Botol,Minuman,20,18000,50
2026-08-17,Teh Melati Botol,Minuman,14,12000,160
2026-08-17,Air Mineral 600ml,Minuman,29,4000,329
2026-08-17,Keripik Singkong,Makanan Ringan,7,15000,139
2026-08-17,Brownies Kukus,Makanan Ringan,7,25000,44
2026-08-17,Nasi Kotak Ayam,Makanan Berat,15,28000,232
2026-08-17,Mie Instan Goreng,Makanan Berat,38,3500,678
2026-08-17,Tumbler Stainless,Aksesoris,1,85000,17
2026-08-17,Tote Bag Kanvas,Aksesoris,3,45000,31
2026-08-18,Kopi Susu Botol,Minuman,22,18000,28
2026-08-18,Teh Melati Botol,Minuman,8,12000,152
2026-08-18,Air Mineral 600ml,Minuman,30,4000,299
2026-08-18,Keripik Singkong,Makanan Ringan,13,15000,126
2026-08-18,Brownies Kukus,Makanan Ringan,9,25000,35
2026-08-18,Nasi Kotak Ayam,Makanan Berat,14,28000,218
2026-08-18,Mie Instan Goreng,Makanan Berat,30,3500,648
2026-08-18,Tumbler Stainless,Aksesoris,2,85000,15
2026-08-18,Tote Bag Kanvas,Aksesoris,1,45000,30
2026-08-19,Kopi Susu Botol,Minuman,21,18000,7
2026-08-19,Teh Melati Botol,Minuman,13,12000,139
2026-08-19,Air Mineral 600ml,Minuman,28,4000,271
2026-08-19,Keripik Singkong,Makanan Ringan,6,15000,120
2026-08-19,Brownies Kukus,Makanan Ringan,11,25000,24
2026-08-19,Nasi Kotak Ayam,Makanan Berat,12,28000,206
2026-08-19,Mie Instan Goreng,Makanan Berat,34,3500,614
2026-08-19,Tumbler Stainless,Aksesoris,2,85000,13
2026-08-19,Tote Bag Kanvas,Aksesoris,2,45000,28
2026-08-20,Kopi Susu Botol,Minuman,7,18000,0
2026-08-20,Teh Melati Botol,Minuman,10,12000,129
2026-08-20,Air Mineral 600ml,Minuman,35,4000,236
2026-08-20,Keripik Singkong,Makanan Ringan,4,15000,116
2026-08-20,Brownies Kukus,Makanan Ringan,10,25000,14
2026-08-20,Nasi Kotak Ayam,Makanan Berat,14,28000,192
2026-08-20,Mie Instan Goreng,Makanan Berat,30,3500,584
2026-08-20,Tumbler Stainless,Aksesoris,3,85000,10
2026-08-20,Tote Bag Kanvas,Aksesoris,1,45000,27
2026-08-21,Kopi Susu Botol,Minuman,19,18000,401
2026-08-21,Teh Melati Botol,Minuman,10,12000,119
2026-08-21,Air Mineral 600ml,Minuman,43,4000,193
2026-08-21,Keripik Singkong,Makanan Ringan,11,15000,105
2026-08-21,Brownies Kukus,Makanan Ringan,9,25000,191
2026-08-21,Nasi Kotak Ayam,Makanan Berat,18,28000,174
2026-08-21,Mie Instan Goreng,Makanan Berat,44,3500,540
2026-08-21,Tumbler Stainless,Aksesoris,5,85000,40
2026-08-21,Tote Bag Kanvas,Aksesoris,2,45000,25
2026-08-22,Kopi Susu Botol,Minuman,26,18000,375
2026-08-22,Teh Melati Botol,Minuman,22,12000,97
2026-08-22,Air Mineral 600ml,Minuman,54,4000,746
2026-08-22,Keripik Singkong,Makanan Ringan,11,15000,94
2026-08-22,Brownies Kukus,Makanan Ringan,9,25000,182
2026-08-22,Nasi Kotak Ayam,Makanan Berat,17,28000,157
2026-08-22,Mie Instan Goreng,Makanan Berat,47,3500,493
2026-08-22,Tumbler Stainless,Aksesoris,1,85000,39
2026-08-22,Tote Bag Kanvas,Aksesoris,4,45000,21
2026-08-23,Kopi Susu Botol,Minuman,13,18000,362
2026-08-23,Teh Melati Botol,Minuman,10,12000,87
2026-08-23,Air Mineral 600ml,Minuman,41,4000,705
2026-08-23,Keripik Singkong,Makanan Ringan,11,15000,83
2026-08-23,Brownies Kukus,Makanan Ringan,10,25000,172
2026-08-23,Nasi Kotak Ayam,Makanan Berat,15,28000,142
2026-08-23,Mie Instan Goreng,Makanan Berat,48,3500,445
2026-08-23,Tumbler Stainless,Aksesoris,3,85000,36
2026-08-23,Tote Bag Kanvas,Aksesoris,4,45000,17
2026-08-24,Kopi Susu Botol,Minuman,19,18000,343
2026-08-24,Teh Melati Botol,Minuman,11,12000,76
2026-08-24,Air Mineral 600ml,Minuman,36,4000,669
2026-08-24,Keripik Singkong,Makanan Ringan,11,15000,72
2026-08-24,Brownies Kukus,Makanan Ringan,6,25000,166
2026-08-24,Nasi Kotak Ayam,Makanan Berat,11,28000,131
2026-08-24,Mie Instan Goreng,Makanan Berat,29,3500,416
2026-08-24,Tumbler Stainless,Aksesoris,2,85000,34
2026-08-25,Kopi Susu Botol,Minuman,7,18000,336
2026-08-25,Teh Melati Botol,Minuman,15,12000,61
2026-08-25,Air Mineral 600ml,Minuman,28,4000,641
2026-08-25,Keripik Singkong,Makanan Ringan,8,15000,64
2026-08-25,Brownies Kukus,Makanan Ringan,7,25000,159
2026-08-25,Nasi Kotak Ayam,Makanan Berat,16,28000,115
2026-08-25,Mie Instan Goreng,Makanan Berat,50,3500,366
2026-08-25,Tumbler Stainless,Aksesoris,2,85000,32
2026-08-25,Tote Bag Kanvas,Aksesoris,2,45000,68
2026-08-26,Kopi Susu Botol,Minuman,16,18000,320
2026-08-26,Teh Melati Botol,Minuman,13,12000,48
2026-08-26,Air Mineral 600ml,Minuman,27,4000,614
2026-08-26,Keripik Singkong,Makanan Ringan,7,15000,57
2026-08-26,Brownies Kukus,Makanan Ringan,4,25000,155
2026-08-26,Nasi Kotak Ayam,Makanan Berat,22,28000,93
2026-08-26,Mie Instan Goreng,Makanan Berat,43,3500,323
2026-08-26,Tumbler Stainless,Aksesoris,4,85000,28
2026-08-26,Tote Bag Kanvas,Aksesoris,3,45000,65
2026-08-27,Kopi Susu Botol,Minuman,14,18000,306
2026-08-27,Teh Melati Botol,Minuman,8,12000,272
2026-08-27,Air Mineral 600ml,Minuman,23,4000,591
2026-08-27,Keripik Singkong,Makanan Ringan,10,15000,47
2026-08-27,Brownies Kukus,Makanan Ringan,6,25000,149
2026-08-27,Nasi Kotak Ayam,Makanan Berat,10,28000,83
2026-08-27,Mie Instan Goreng,Makanan Berat,30,3500,293
2026-08-27,Tumbler Stainless,Aksesoris,1,85000,27
2026-08-28,Kopi Susu Botol,Minuman,17,18000,289
2026-08-28,Teh Melati Botol,Minuman,13,12000,259
2026-08-28,Air Mineral 600ml,Minuman,42,4000,549
2026-08-28,Keripik Singkong,Makanan Ringan,8,15000,39
2026-08-28,Brownies Kukus,Makanan Ringan,8,25000,141
2026-08-28,Nasi Kotak Ayam,Makanan Berat,12,28000,388
2026-08-28,Mie Instan Goreng,Makanan Berat,45,3500,248
2026-08-28,Tumbler Stainless,Aksesoris,4,85000,23
2026-08-28,Tote Bag Kanvas,Aksesoris,2,45000,63
2026-08-29,Kopi Susu Botol,Minuman,26,18000,263
2026-08-29,Teh Melati Botol,Minuman,22,12000,237
2026-08-29,Air Mineral 600ml,Minuman,30,4000,519
2026-08-29,Keripik Singkong,Makanan Ringan,19,15000,20
2026-08-29,Brownies Kukus,Makanan Ringan,9,25000,132
2026-08-29,Nasi Kotak Ayam,Makanan Berat,23,28000,365
2026-08-29,Mie Instan Goreng,Makanan Berat,46,3500,954
2026-08-29,Tumbler Stainless,Aksesoris,3,85000,20
2026-08-29,Tote Bag Kanvas,Aksesoris,1,45000,62
2026-08-30,Kopi Susu Botol,Minuman,28,18000,235
2026-08-30,Teh Melati Botol,Minuman,13,12000,224
2026-08-30,Air Mineral 600ml,Minuman,38,4000,481
2026-08-30,Keripik Singkong,Makanan Ringan,18,15000,2
2026-08-30,Brownies Kukus,Makanan Ringan,9,25000,123
2026-08-30,Nasi Kotak Ayam,Makanan Berat,17,28000,348
2026-08-30,Mie Instan Goreng,Makanan Berat,45,3500,909
2026-08-30,Tumbler Stainless,Aksesoris,1,85000,19
2026-08-30,Tote Bag Kanvas,Aksesoris,3,45000,59
2026-08-31,Kopi Susu Botol,Minuman,24,18000,211
2026-08-31,Teh Melati Botol,Minuman,9,12000,215
2026-08-31,Air Mineral 600ml,Minuman,32,4000,449
2026-08-31,Keripik Singkong,Makanan Ringan,2,15000,0
2026-08-31,Brownies Kukus,Makanan Ringan,8,25000,115
2026-08-31,Nasi Kotak Ayam,Makanan Berat,15,28000,333
2026-08-31,Mie Instan Goreng,Makanan Berat,25,3500,884
2026-08-31,Tumbler Stainless,Aksesoris,2,85000,17
2026-08-31,Tote Bag Kanvas,Aksesoris,7,45000,52
2026-09-01,Kopi Susu Botol,Minuman,16,18000,195
2026-09-01,Teh Melati Botol,Minuman,13,12000,202
2026-09-01,Air Mineral 600ml,Minuman,25,4000,424
2026-09-01,Brownies Kukus,Makanan Ringan,6,25000,109
2026-09-01,Nasi Kotak Ayam,Makanan Berat,12,28000,321
2026-09-01,Mie Instan Goreng,Makanan Berat,32,3500,852
2026-09-01,Tumbler Stainless,Aksesoris,1,85000,16
2026-09-01,Tote Bag Kanvas,Aksesoris,2,45000,50
2026-09-02,Kopi Susu Botol,Minuman,23,18000,172
2026-09-02,Teh Melati Botol,Minuman,8,12000,194
2026-09-02,Air Mineral 600ml,Minuman,44,4000,380
2026-09-02,Brownies Kukus,Makanan Ringan,6,25000,103
2026-09-02,Nasi Kotak Ayam,Makanan Berat,11,28000,310
2026-09-02,Mie Instan Goreng,Makanan Berat,45,3500,807
2026-09-02,Tote Bag Kanvas,Aksesoris,2,45000,48
2026-09-03,Kopi Susu Botol,Minuman,23,18000,149
2026-09-03,Teh Melati Botol,Minuman,8,12000,186
2026-09-03,Air Mineral 600ml,Minuman,33,4000,347
2026-09-03,Brownies Kukus,Makanan Ringan,9,25000,94
2026-09-03,Nasi Kotak Ayam,Makanan Berat,14,28000,296
2026-09-03,Mie Instan Goreng,Makanan Berat,43,3500,764
2026-09-03,Tumbler Stainless,Aksesoris,1,85000,15
2026-09-03,Tote Bag Kanvas,Aksesoris,3,45000,45
2026-09-04,Kopi Susu Botol,Minuman,26,18000,123
2026-09-04,Teh Melati Botol,Minuman,23,12000,163
2026-09-04,Air Mineral 600ml,Minuman,45,4000,302
2026-09-04,Keripik Singkong,Makanan Ringan,13,15000,247
2026-09-04,Brownies Kukus,Makanan Ringan,6,25000,88
2026-09-04,Nasi Kotak Ayam,Makanan Berat,20,28000,276
2026-09-04,Mie Instan Goreng,Makanan Berat,33,3500,731
2026-09-04,Tote Bag Kanvas,Aksesoris,2,45000,43
2026-09-05,Kopi Susu Botol,Minuman,30,18000,93
2026-09-05,Teh Melati Botol,Minuman,16,12000,147
2026-09-05,Air Mineral 600ml,Minuman,48,4000,254
2026-09-05,Keripik Singkong,Makanan Ringan,22,15000,225
2026-09-05,Brownies Kukus,Makanan Ringan,13,25000,75
2026-09-05,Nasi Kotak Ayam,Makanan Berat,17,28000,259
2026-09-05,Mie Instan Goreng,Makanan Berat,29,3500,702
2026-09-05,Tumbler Stainless,Aksesoris,3,85000,12
2026-09-05,Tote Bag Kanvas,Aksesoris,4,45000,39
2026-09-06,Kopi Susu Botol,Minuman,26,18000,394
2026-09-06,Teh Melati Botol,Minuman,13,12000,134
2026-09-06,Air Mineral 600ml,Minuman,38,4000,216
2026-09-06,Keripik Singkong,Makanan Ringan,11,15000,214
2026-09-06,Brownies Kukus,Makanan Ringan,10,25000,65
2026-09-06,Nasi Kotak Ayam,Makanan Berat,22,28000,237
2026-09-06,Mie Instan Goreng,Makanan Berat,48,3500,654
2026-09-06,Tumbler Stainless,Aksesoris,3,85000,9
2026-09-06,Tote Bag Kanvas,Aksesoris,2,45000,37
2026-09-07,Kopi Susu Botol,Minuman,13,18000,381
2026-09-07,Teh Melati Botol,Minuman,12,12000,122
2026-09-07,Air Mineral 600ml,Minuman,26,4000,190
2026-09-07,Keripik Singkong,Makanan Ringan,14,15000,200
2026-09-07,Brownies Kukus,Makanan Ringan,2,25000,63
2026-09-07,Nasi Kotak Ayam,Makanan Berat,16,28000,221
2026-09-07,Mie Instan Goreng,Makanan Berat,37,3500,617
2026-09-07,Tumbler Stainless,Aksesoris,3,85000,6
2026-09-08,Kopi Susu Botol,Minuman,16,18000,365
2026-09-08,Teh Melati Botol,Minuman,9,12000,113
2026-09-08,Air Mineral 600ml,Minuman,35,4000,155
2026-09-08,Keripik Singkong,Makanan Ringan,9,15000,191
2026-09-08,Brownies Kukus,Makanan Ringan,7,25000,56
2026-09-08,Nasi Kotak Ayam,Makanan Berat,20,28000,201
2026-09-08,Mie Instan Goreng,Makanan Berat,42,3500,575
2026-09-08,Tumbler Stainless,Aksesoris,2,85000,43
2026-09-08,Tote Bag Kanvas,Aksesoris,4,45000,33
2026-09-09,Kopi Susu Botol,Minuman,16,18000,349
2026-09-09,Teh Melati Botol,Minuman,13,12000,100
2026-09-09,Air Mineral 600ml,Minuman,39,4000,116
2026-09-09,Keripik Singkong,Makanan Ringan,11,15000,180
2026-09-09,Brownies Kukus,Makanan Ringan,10,25000,46
2026-09-09,Nasi Kotak Ayam,Makanan Berat,15,28000,186
2026-09-09,Mie Instan Goreng,Makanan Berat,36,3500,539
2026-09-09,Tumbler Stainless,Aksesoris,1,85000,42
2026-09-09,Tote Bag Kanvas,Aksesoris,3,45000,30
2026-09-10,Kopi Susu Botol,Minuman,18,18000,331
2026-09-10,Teh Melati Botol,Minuman,14,12000,86
2026-09-10,Air Mineral 600ml,Minuman,38,4000,762
2026-09-10,Keripik Singkong,Makanan Ringan,4,15000,176
2026-09-10,Brownies Kukus,Makanan Ringan,4,25000,42
2026-09-10,Nasi Kotak Ayam,Makanan Berat,13,28000,173
2026-09-10,Mie Instan Goreng,Makanan Berat,39,3500,500
2026-09-10,Tumbler Stainless,Aksesoris,2,85000,40
2026-09-10,Tote Bag Kanvas,Aksesoris,2,45000,28
2026-09-11,Kopi Susu Botol,Minuman,21,18000,310
2026-09-11,Teh Melati Botol,Minuman,19,12000,67
2026-09-11,Air Mineral 600ml,Minuman,36,4000,726
2026-09-11,Keripik Singkong,Makanan Ringan,16,15000,160
2026-09-11,Brownies Kukus,Makanan Ringan,5,25000,37
2026-09-11,Nasi Kotak Ayam,Makanan Berat,21,28000,152
2026-09-11,Mie Instan Goreng,Makanan Berat,49,3500,451
2026-09-11,Tumbler Stainless,Aksesoris,2,85000,38
2026-09-11,Tote Bag Kanvas,Aksesoris,4,45000,24
2026-09-12,Kopi Susu Botol,Minuman,32,18000,278
2026-09-12,Teh Melati Botol,Minuman,12,12000,55
2026-09-12,Air Mineral 600ml,Minuman,39,4000,687
2026-09-12,Keripik Singkong,Makanan Ringan,20,15000,140
2026-09-12,Brownies Kukus,Makanan Ringan,6,25000,31
2026-09-12,Nasi Kotak Ayam,Makanan Berat,26,28000,126
2026-09-12,Mie Instan Goreng,Makanan Berat,64,3500,387
2026-09-12,Tumbler Stainless,Aksesoris,1,85000,37
2026-09-12,Tote Bag Kanvas,Aksesoris,2,45000,22
2026-09-13,Kopi Susu Botol,Minuman,23,18000,255
2026-09-13,Teh Melati Botol,Minuman,20,12000,35
2026-09-13,Air Mineral 600ml,Minuman,48,4000,639
2026-09-13,Keripik Singkong,Makanan Ringan,8,15000,132
2026-09-13,Brownies Kukus,Makanan Ringan,5,25000,26
2026-09-13,Nasi Kotak Ayam,Makanan Berat,12,28000,114
2026-09-13,Mie Instan Goreng,Makanan Berat,61,3500,326
2026-09-13,Tumbler Stainless,Aksesoris,4,85000,33
2026-09-13,Tote Bag Kanvas,Aksesoris,4,45000,18
2026-09-14,Kopi Susu Botol,Minuman,27,18000,228
2026-09-14,Teh Melati Botol,Minuman,10,12000,25
2026-09-14,Air Mineral 600ml,Minuman,34,4000,605
2026-09-14,Keripik Singkong,Makanan Ringan,10,15000,122
2026-09-14,Brownies Kukus,Makanan Ringan,3,25000,23
2026-09-14,Nasi Kotak Ayam,Makanan Berat,14,28000,100
2026-09-14,Mie Instan Goreng,Makanan Berat,34,3500,292
2026-09-14,Tumbler Stainless,Aksesoris,2,85000,31
2026-09-14,Tote Bag Kanvas,Aksesoris,3,45000,15
2026-09-15,Kopi Susu Botol,Minuman,21,18000,207
2026-09-15,Teh Melati Botol,Minuman,14,12000,11
2026-09-15,Air Mineral 600ml,Minuman,40,4000,565
2026-09-15,Keripik Singkong,Makanan Ringan,10,15000,112
2026-09-15,Brownies Kukus,Makanan Ringan,9,25000,14
2026-09-15,Nasi Kotak Ayam,Makanan Berat,19,28000,81
2026-09-15,Mie Instan Goreng,Makanan Berat,43,3500,249
2026-09-15,Tote Bag Kanvas,Aksesoris,2,45000,68
2026-09-16,Kopi Susu Botol,Minuman,22,18000,185
2026-09-16,Teh Melati Botol,Minuman,11,12000,0
2026-09-16,Air Mineral 600ml,Minuman,28,4000,537
2026-09-16,Keripik Singkong,Makanan Ringan,10,15000,102
2026-09-16,Brownies Kukus,Makanan Ringan,10,25000,4
2026-09-16,Nasi Kotak Ayam,Makanan Berat,18,28000,63
2026-09-16,Mie Instan Goreng,Makanan Berat,50,3500,199
2026-09-16,Tumbler Stainless,Aksesoris,1,85000,30
2026-09-16,Tote Bag Kanvas,Aksesoris,2,45000,66
2026-09-17,Kopi Susu Botol,Minuman,19,18000,166
2026-09-17,Teh Melati Botol,Minuman,19,12000,261
2026-09-17,Air Mineral 600ml,Minuman,25,4000,512
2026-09-17,Keripik Singkong,Makanan Ringan,12,15000,90
2026-09-17,Brownies Kukus,Makanan Ringan,8,25000,192
2026-09-17,Nasi Kotak Ayam,Makanan Berat,19,28000,381
2026-09-17,Mie Instan Goreng,Makanan Berat,35,3500,164
2026-09-17,Tote Bag Kanvas,Aksesoris,1,45000,65
2026-09-18,Kopi Susu Botol,Minuman,22,18000,144
2026-09-18,Teh Melati Botol,Minuman,10,12000,251
2026-09-18,Air Mineral 600ml,Minuman,35,4000,477
2026-09-18,Keripik Singkong,Makanan Ringan,21,15000,69
2026-09-18,Brownies Kukus,Makanan Ringan,6,25000,186
2026-09-18,Nasi Kotak Ayam,Makanan Berat,19,28000,362
2026-09-18,Mie Instan Goreng,Makanan Berat,38,3500,962
2026-09-18,Tumbler Stainless,Aksesoris,1,85000,29
2026-09-18,Tote Bag Kanvas,Aksesoris,1,45000,64
2026-09-19,Kopi Susu Botol,Minuman,25,18000,119
2026-09-19,Teh Melati Botol,Minuman,18,12000,233
2026-09-19,Air Mineral 600ml,Minuman,42,4000,435
2026-09-19,Keripik Singkong,Makanan Ringan,25,15000,44
2026-09-19,Brownies Kukus,Makanan Ringan,9,25000,177
2026-09-19,Nasi Kotak Ayam,Makanan Berat,24,28000,338
2026-09-19,Mie Instan Goreng,Makanan Berat,51,3500,911
2026-09-19,Tote Bag Kanvas,Aksesoris,3,45000,61
2026-09-20,Kopi Susu Botol,Minuman,31,18000,88
2026-09-20,Teh Melati Botol,Minuman,12,12000,221
2026-09-20,Air Mineral 600ml,Minuman,38,4000,397
2026-09-20,Keripik Singkong,Makanan Ringan,14,15000,30
2026-09-20,Brownies Kukus,Makanan Ringan,12,25000,165
2026-09-20,Nasi Kotak Ayam,Makanan Berat,15,28000,323
2026-09-20,Mie Instan Goreng,Makanan Berat,37,3500,874
2026-09-20,Tumbler Stainless,Aksesoris,2,85000,27
2026-09-20,Tote Bag Kanvas,Aksesoris,2,45000,59
2026-09-21,Kopi Susu Botol,Minuman,16,18000,72
2026-09-21,Teh Melati Botol,Minuman,9,12000,212
2026-09-21,Air Mineral 600ml,Minuman,24,4000,373
2026-09-21,Keripik Singkong,Makanan Ringan,12,15000,248
2026-09-21,Brownies Kukus,Makanan Ringan,9,25000,156
2026-09-21,Nasi Kotak Ayam,Makanan Berat,6,28000,317
2026-09-21,Mie Instan Goreng,Makanan Berat,51,3500,823
2026-09-21,Tote Bag Kanvas,Aksesoris,5,45000,54
2026-09-22,Kopi Susu Botol,Minuman,23,18000,49
2026-09-22,Teh Melati Botol,Minuman,12,12000,200
2026-09-22,Air Mineral 600ml,Minuman,21,4000,352
2026-09-22,Keripik Singkong,Makanan Ringan,13,15000,235
2026-09-22,Brownies Kukus,Makanan Ringan,3,25000,153
2026-09-22,Nasi Kotak Ayam,Makanan Berat,11,28000,306
2026-09-22,Mie Instan Goreng,Makanan Berat,32,3500,791
2026-09-22,Tumbler Stainless,Aksesoris,1,85000,26
2026-09-22,Tote Bag Kanvas,Aksesoris,2,45000,52
2026-09-23,Kopi Susu Botol,Minuman,16,18000,404
2026-09-23,Teh Melati Botol,Minuman,12,12000,188
2026-09-23,Air Mineral 600ml,Minuman,33,4000,319
2026-09-23,Keripik Singkong,Makanan Ringan,6,15000,229
2026-09-23,Brownies Kukus,Makanan Ringan,6,25000,147
2026-09-23,Nasi Kotak Ayam,Makanan Berat,11,28000,295
2026-09-23,Mie Instan Goreng,Makanan Berat,44,3500,747
2026-09-23,Tote Bag Kanvas,Aksesoris,3,45000,49
2026-09-24,Kopi Susu Botol,Minuman,15,18000,389
2026-09-24,Teh Melati Botol,Minuman,5,12000,183
2026-09-24,Air Mineral 600ml,Minuman,35,4000,284
2026-09-24,Keripik Singkong,Makanan Ringan,10,15000,219
2026-09-24,Brownies Kukus,Makanan Ringan,5,25000,142
2026-09-24,Nasi Kotak Ayam,Makanan Berat,21,28000,274
2026-09-24,Mie Instan Goreng,Makanan Berat,36,3500,711
2026-09-24,Tumbler Stainless,Aksesoris,1,85000,25
2026-09-24,Tote Bag Kanvas,Aksesoris,1,45000,48
2026-09-25,Kopi Susu Botol,Minuman,20,18000,369
2026-09-25,Teh Melati Botol,Minuman,15,12000,168
2026-09-25,Air Mineral 600ml,Minuman,32,4000,252
2026-09-25,Keripik Singkong,Makanan Ringan,17,15000,202
2026-09-25,Brownies Kukus,Makanan Ringan,10,25000,132
2026-09-25,Nasi Kotak Ayam,Makanan Berat,18,28000,256
2026-09-25,Mie Instan Goreng,Makanan Berat,57,3500,654
2026-09-25,Tote Bag Kanvas,Aksesoris,3,45000,45
2026-09-26,Kopi Susu Botol,Minuman,23,18000,346
2026-09-26,Teh Melati Botol,Minuman,11,12000,157
2026-09-26,Air Mineral 600ml,Minuman,50,4000,202
2026-09-26,Keripik Singkong,Makanan Ringan,12,15000,190
2026-09-26,Brownies Kukus,Makanan Ringan,8,25000,124
2026-09-26,Nasi Kotak Ayam,Makanan Berat,22,28000,234
2026-09-26,Mie Instan Goreng,Makanan Berat,48,3500,606
2026-09-26,Tumbler Stainless,Aksesoris,4,85000,21
2026-09-26,Tote Bag Kanvas,Aksesoris,6,45000,39
2026-09-27,Kopi Susu Botol,Minuman,17,18000,329
2026-09-27,Teh Melati Botol,Minuman,6,12000,151
2026-09-27,Air Mineral 600ml,Minuman,56,4000,146
2026-09-27,Keripik Singkong,Makanan Ringan,12,15000,178
2026-09-27,Brownies Kukus,Makanan Ringan,15,25000,109
2026-09-27,Nasi Kotak Ayam,Makanan Berat,22,28000,212
2026-09-27,Mie Instan Goreng,Makanan Berat,49,3500,557
2026-09-27,Tumbler Stainless,Aksesoris,3,85000,18
2026-09-27,Tote Bag Kanvas,Aksesoris,4,45000,35
2026-09-28,Kopi Susu Botol,Minuman,17,18000,312
2026-09-28,Teh Melati Botol,Minuman,12,12000,139
2026-09-28,Air Mineral 600ml,Minuman,34,4000,112
2026-09-28,Keripik Singkong,Makanan Ringan,12,15000,166
2026-09-28,Brownies Kukus,Makanan Ringan,6,25000,103
2026-09-28,Nasi Kotak Ayam,Makanan Berat,14,28000,198
2026-09-28,Mie Instan Goreng,Makanan Berat,30,3500,527
2026-09-28,Tumbler Stainless,Aksesoris,3,85000,15
2026-09-28,Tote Bag Kanvas,Aksesoris,1,45000,34
2026-09-29,Kopi Susu Botol,Minuman,21,18000,291
2026-09-29,Teh Melati Botol,Minuman,10,12000,129
2026-09-29,Air Mineral 600ml,Minuman,40,4000,72
2026-09-29,Keripik Singkong,Makanan Ringan,9,15000,157
2026-09-29,Brownies Kukus,Makanan Ringan,7,25000,96
2026-09-29,Nasi Kotak Ayam,Makanan Berat,17,28000,181
2026-09-29,Mie Instan Goreng,Makanan Berat,40,3500,487
2026-09-29,Tumbler Stainless,Aksesoris,1,85000,14
2026-09-29,Tote Bag Kanvas,Aksesoris,3,45000,31
